game_id,game,round,phase,season_code,team_id_a,team_id_b,fast_break_points_a,fast_break_points_b,turnover_points_a,turnover_points_b,second_chance_points_a,second_chance_points_b,defensive_rebounds_a,offensive_rebounds_b,offensive_rebounds_a,defensive_rebounds_b,turnovers_starters_a,turnovers_bench_a,turnovers_starters_b,turnovers_bench_b,steals_starters_a,steals_bench_a,steals_starters_b,steals_bench_b,assists_starters_a,assists_bench_a,assists_starters_b,assists_bench_b,points_starters_a,points_bench_a,points_starters_b,points_bench_b,max_a,minute_prev_a,prev_a,minute_str_a,str_a,max_b,minute_prev_b,prev_b,minute_str_b,str_b,max_lead_a,max_lead_b,minute_max_lead_a,minute_max_lead_b,points_max_lead_a,points_max_lead_b
2007_001,OLY-BAS,1,REGULAR SEASON,E2007,OLY,BAS,0,0,0,0,0,0,27,18,7,24,9,2,11,2,9,1,4,2,15,1,11,6,91,4,57,33,10,18,48-37,21,58-37,10,22,60-42,24,60-52,21,3,21,1,58-37,0-3
2007_002,VIR-ZAL,1,REGULAR SEASON,E2007,VIR,ZAL,0,0,0,0,0,0,20,13,10,24,6,11,7,14,9,5,8,9,5,3,10,4,35,46,41,34,8,33,61-65,35,69-65,8,13,26-25,14,26-33,6,8,39,5,75-69,7-15
2007_003,SOP-CSK,1,REGULAR SEASON,E2007,SOP,CSK,0,0,0,0,0,0,21,6,5,23,5,7,4,4,2,3,1,3,5,6,5,12,45,24,52,36,7,3,2-4,5,9-4,10,8,16-9,11,16-19,7,26,8,36,16-9,58-84
2007_004,SIE-LJU,1,REGULAR SEASON,E2007,SIE,LJU,0,0,0,0,0,0,30,9,6,27,5,3,11,11,8,12,6,5,9,10,7,4,31,49,46,6,13,14,30-24,18,43-24,7,6,16-8,8,16-15,30,0,35,0,74-44,
2007_005,ARI-MAL,1,REGULAR SEASON,E2007,ARI,MAL,0,0,0,0,0,0,16,17,12,14,10,5,6,12,4,5,1,1,5,4,8,8,56,31,49,34,10,8,21-23,14,31-23,6,5,16-13,6,16-19,8,8,14,29,31-23,55-63
2007_006,CIB-IST,1,REGULAR SEASON,E2007,CIB,IST,0,0,0,0,0,0,14,7,10,22,2,5,11,5,4,6,4,0,5,6,9,4,52,41,60,25,14,28,64-70,31,78-70,9,23,52-56,25,52-65,8,13,31,25,78-70,52-65
2007_007,MIL-LIE,1,REGULAR SEASON,E2007,MIL,LIE,0,0,0,0,0,0,20,9,4,22,3,12,4,7,4,8,6,9,0,5,7,6,15,61,56,27,6,28,45-59,29,51-59,7,1,5-2,1,5-9,0,18,0,18,,24-42
2007_008,TEL-LEM,1,REGULAR SEASON,E2007,TEL,LEM,0,0,0,0,0,0,20,14,3,22,8,7,10,8,7,9,10,5,21,4,7,9,48,26,47,24,7,8,20-23,12,27-23,7,24,48-49,25,48-56,8,10,15,27,35-27,50-60
2007_009,ULK-MAD,1,REGULAR SEASON,E2007,ULK,MAD,0,0,0,0,0,0,22,8,9,13,9,10,3,3,4,1,9,5,10,5,13,6,43,29,56,24,14,26,43-65,29,57-65,15,6,10-15,10,10-30,0,24,0,13,,15-39
2007_010,PAN-ROM,1,REGULAR SEASON,E2007,PAN,ROM,0,0,0,0,0,0,20,8,4,18,3,8,10,3,2,0,4,5,4,6,12,4,48,38,52,31,14,24,46-56,29,60-56,9,14,27-28,16,27-37,9,12,32,17,69-60,28-40
2007_011,BAM-ROA,1,REGULAR SEASON,E2007,BAM,ROA,0,0,0,0,0,0,27,10,4,18,17,5,11,6,4,1,7,4,7,2,7,3,51,10,53,11,11,16,16-29,21,27-29,9,3,5-5,4,5-14,3,16,1,31,3-0,39-55
2007_012,PAR-BAR,1,REGULAR SEASON,E2007,PAR,BAR,0,0,0,0,0,0,23,8,11,17,10,2,6,4,3,4,3,3,10,1,4,12,47,34,42,36,8,23,48-47,25,56-47,7,37,73-66,39,73-73,12,9,35,5,70-58,4-13
2007_013,LJU-OLY,2,REGULAR SEASON,E2007,LJU,OLY,0,0,0,0,0,0,14,6,12,13,5,7,6,15,7,3,3,0,8,6,3,3,58,29,47,31,6,10,14-21,12,20-21,6,4,8-8,6,8-14,14,7,39,10,83-69,14-21
2007_014,CSK-SIE,2,REGULAR SEASON,E2007,CSK,SIE,0,0,0,0,0,0,28,6,1,22,6,6,8,2,2,3,0,3,6,5,10,0,31,43,54,16,9,17,27-25,19,36-25,8,19,36-25,20,36-33,12,5,24,5,48-36,7-12
2007_015,ZAL-SOP,2,REGULAR SEASON,E2007,ZAL,SOP,0,0,0,0,0,0,23,9,16,19,4,5,5,2,2,1,1,0,7,7,7,2,49,33,56,16,11,15,24-41,19,35-41,7,1,0-0,2,0-7,10,18,40,10,82-72,13-31
2007_016,BAS-VIR,2,REGULAR SEASON,E2007,BAS,VIR,0,0,0,0,0,0,31,14,10,22,7,6,7,9,6,5,6,2,13,6,6,2,64,34,55,16,9,11,29-20,13,38-20,11,39,98-60,40,98-71,38,3,39,2,98-60,0-3
2007_017,LEM-ARI,2,REGULAR SEASON,E2007,LEM,ARI,0,0,0,0,0,0,23,6,10,24,8,6,7,7,2,3,4,4,11,4,6,4,46,20,45,24,6,3,2-7,5,8-7,9,13,23-25,17,23-34,4,14,9,19,17-13,25-39
2007_018,LIE-TEL,2,REGULAR SEASON,E2007,LIE,TEL,0,0,0,0,0,0,23,3,17,14,8,4,6,6,4,5,4,6,16,2,5,6,65,27,43,31,7,19,44-31,22,51-31,8,30,72-51,33,72-59,27,0,27,0,68-41,
2007_019,IST-MIL,2,REGULAR SEASON,E2007,IST,MIL,0,0,0,0,0,0,24,5,11,21,7,4,11,2,5,4,7,1,4,5,7,2,45,35,52,18,16,9,15-18,15,31-18,10,31,71-52,34,71-62,21,7,26,3,56-35,0-7
2007_020,MAL-CIB,2,REGULAR SEASON,E2007,MAL,CIB,0,0,0,0,0,0,30,4,10,16,11,8,11,8,7,9,4,4,9,16,4,0,37,65,49,15,9,14,26-27,15,35-27,6,11,24-18,13,24-24,38,6,40,4,102-64,4-10
2007_021,BAR-ULK,2,REGULAR SEASON,E2007,BAR,ULK,0,0,0,0,0,0,27,4,9,24,5,5,6,8,3,5,3,3,13,10,11,2,52,30,48,19,13,5,10-10,9,23-10,9,20,44-33,23,44-42,17,2,15,3,35-18,6-8
2007_022,ROA-PAR,2,REGULAR SEASON,E2007,ROA,PAR,0,0,0,0,0,0,14,13,17,19,6,3,12,5,6,4,4,1,11,5,10,7,67,20,40,48,7,38,80-85,40,87-85,10,14,29-29,17,29-39,2,12,1,21,2-0,40-52
2007_023,PAN-BAM,2,REGULAR SEASON,E2007,PAN,BAM,0,0,0,0,0,0,23,6,4,25,2,3,7,5,2,2,1,0,7,7,8,8,27,39,41,20,7,20,32-29,22,39-29,6,36,62-55,38,62-61,12,0,29,0,50-38,
2007_024,MAD-ROM,2,REGULAR SEASON,E2007,MAD,ROM,0,0,0,0,0,0,24,3,11,20,7,3,10,3,9,0,2,1,14,2,12,6,72,17,57,26,9,30,64-64,32,73-64,8,14,35-24,16,35-32,15,2,8,27,25-10,55-57
2007_025,OLY-VIR,3,REGULAR SEASON,E2007,OLY,VIR,0,0,0,0,0,0,28,17,11,19,7,5,10,4,5,2,5,2,11,7,13,2,65,39,58,18,9,6,9-9,9,18-9,7,26,63-50,27,63-57,28,0,40,0,104-76,
2007_026,SOP-BAS,3,REGULAR SEASON,E2007,SOP,BAS,0,0,0,0,0,0,24,11,13,21,11,4,9,4,4,3,8,2,8,3,8,4,48,18,57,25,14,34,50-73,38,64-73,15,19,36-43,25,36-58,3,29,1,29,3-0,40-69
2007_027,SIE-ZAL,3,REGULAR SEASON,E2007,SIE,ZAL,0,0,0,0,0,0,22,16,5,29,8,3,15,12,17,10,7,5,12,6,8,3,46,43,25,39,16,3,3-6,9,19-6,6,2,3-0,3,3-6,29,3,39,3,89-60,3-6
2007_028,LJU-CSK,3,REGULAR SEASON,E2007,LJU,CSK,0,0,0,0,0,0,20,6,8,17,4,3,3,2,1,1,0,2,7,2,5,7,57,17,45,27,7,38,63-68,39,70-68,7,30,54-55,33,54-62,4,8,5,33,12-8,54-62
2007_029,ARI-CIB,3,REGULAR SEASON,E2007,ARI,CIB,0,0,0,0,0,0,19,8,10,19,10,4,13,6,3,3,1,6,7,3,10,1,61,16,45,28,10,23,37-46,25,47-46,8,25,47-46,27,47-54,7,9,40,19,77-70,31-40
2007_030,MIL-MAL,3,REGULAR SEASON,E2007,MIL,MAL,0,0,0,0,0,0,17,9,11,29,4,9,8,11,6,13,4,9,0,8,2,4,29,36,36,38,6,5,6-10,7,12-10,15,31,55-53,36,55-68,8,14,17,37,37-29,56-70
2007_031,TEL-IST,3,REGULAR SEASON,E2007,TEL,IST,0,0,0,0,0,0,34,10,9,24,4,4,4,4,1,7,1,6,9,7,9,2,34,39,42,25,11,29,46-55,33,57-55,7,14,29-22,15,29-29,7,9,14,29,29-22,46-55
2007_032,LEM-LIE,3,REGULAR SEASON,E2007,LEM,LIE,0,0,0,0,0,0,16,5,9,22,12,3,13,4,5,2,6,4,8,14,11,4,37,40,70,13,7,23,43-43,25,50-43,8,39,77-75,40,77-83,7,9,25,12,50-43,16-25
2007_033,ULK-ROM,3,REGULAR SEASON,E2007,ULK,ROM,0,0,0,0,0,0,26,12,9,24,6,5,15,3,6,4,6,1,5,4,11,3,50,35,45,21,9,20,40-34,23,49-34,7,15,33-19,16,33-26,24,0,39,0,85-61,
2007_034,BAM-MAD,3,REGULAR SEASON,E2007,BAM,MAD,0,0,0,0,0,0,20,10,8,24,13,6,13,7,7,1,6,4,7,2,8,5,36,13,46,13,6,1,0-2,3,6-2,8,10,17-13,12,17-21,5,12,4,40,9-4,47-59
2007_035,PAR-PAN,3,REGULAR SEASON,E2007,PAR,PAN,0,0,0,0,0,0,24,3,13,17,13,4,4,10,1,3,2,2,7,4,3,8,75,15,48,46,8,22,43-50,24,51-50,7,5,9-14,6,9-21,2,12,29,6,66-64,9-21
2007_036,BAR-ROA,3,REGULAR SEASON,E2007,BAR,ROA,0,0,0,0,0,0,24,16,12,22,7,7,5,8,5,4,5,4,10,8,10,3,58,24,57,19,9,14,25-20,16,34-20,7,17,37-23,18,37-30,14,0,16,0,34-20,
2007_037,CSK-OLY,4,REGULAR SEASON,E2007,CSK,OLY,0,0,0,0,0,0,19,7,10,20,5,4,10,4,5,2,2,1,8,6,11,0,67,21,67,12,11,17,34-38,19,45-38,8,16,34-30,17,34-38,9,4,24,17,55-46,34-38
2007_038,ZAL-LJU,4,REGULAR SEASON,E2007,ZAL,LJU,0,0,0,0,0,0,23,11,4,20,8,4,12,6,9,4,5,3,16,4,4,7,67,24,49,23,16,14,30-36,18,46-36,9,11,28-24,13,28-33,21,6,25,14,68-47,30-36
2007_039,BAS-SIE,4,REGULAR SEASON,E2007,BAS,SIE,0,0,0,0,0,0,29,9,16,19,11,6,6,5,1,5,7,6,5,7,6,0,44,32,42,19,12,6,12-13,11,24-13,5,5,12-8,6,12-13,20,2,37,1,70-50,0-2
2007_040,VIR-SOP,4,REGULAR SEASON,E2007,VIR,SOP,0,0,0,0,0,0,18,15,14,26,9,4,7,8,6,5,8,4,9,0,7,5,57,18,85,2,13,34,53-74,37,66-74,11,11,12-17,14,12-28,0,21,0,34,,53-74
2007_041,LIE-ARI,4,REGULAR SEASON,E2007,LIE,ARI,0,0,0,0,0,0,27,6,9,19,10,4,7,6,3,10,5,9,14,2,5,4,61,16,45,25,9,2,2-2,4,11-2,12,32,65-47,37,65-59,18,0,32,0,65-47,
2007_042,IST-LEM,4,REGULAR SEASON,E2007,IST,LEM,0,0,0,0,0,0,27,6,10,27,5,0,4,3,1,1,1,1,3,6,8,5,48,18,51,12,8,30,40-51,34,48-51,12,26,40-39,30,40-51,4,14,38,9,61-57,11-25
2007_043,MAL-TEL,4,REGULAR SEASON,E2007,MAL,TEL,0,0,0,0,0,0,22,8,6,21,3,3,5,10,3,2,3,3,11,7,5,6,52,41,34,36,10,22,48-42,25,58-42,5,2,2-4,2,2-9,23,7,39,2,91-68,2-9
2007_044,CIB-MIL,4,REGULAR SEASON,E2007,CIB,MIL,0,0,0,0,0,0,16,8,6,15,6,3,6,3,3,1,4,0,9,0,12,2,80,20,78,13,10,27,68-65,30,78-65,8,6,10-12,7,10-20,17,10,33,7,87-70,10-20
2007_045,ROA-ULK,4,REGULAR SEASON,E2007,ROA,ULK,0,0,0,0,0,0,21,17,16,17,13,3,7,4,3,4,3,3,14,2,8,1,72,18,63,34,7,2,3-6,3,10-6,11,29,66-63,31,66-74,16,8,14,31,44-28,66-74
2007_046,PAN-BAR,4,REGULAR SEASON,E2007,PAN,BAR,0,0,0,0,0,0,29,13,11,20,10,9,8,7,6,0,6,4,3,8,4,4,35,41,52,14,8,3,6-7,5,14-7,6,14,30-24,17,30-30,10,1,28,3,54-44,6-7
2007_047,MAD-PAR,4,REGULAR SEASON,E2007,MAD,PAR,0,0,0,0,0,0,25,11,14,22,7,10,12,7,2,9,6,4,5,6,6,3,40,35,49,15,9,3,6-4,7,15-4,7,39,66-54,39,66-61,20,0,34,0,62-42,
2007_048,ROM-BAM,4,REGULAR SEASON,E2007,ROM,BAM,0,0,0,0,0,0,28,10,14,23,8,5,7,10,10,8,9,4,12,2,5,1,55,26,52,5,9,36,72-57,39,81-57,5,14,29-15,16,29-20,24,0,39,0,81-57,
2007_049,OLY-SOP,5,REGULAR SEASON,E2007,OLY,SOP,0,0,0,0,0,0,24,13,9,22,6,4,9,12,7,9,3,3,10,9,1,6,67,42,24,41,13,25,67-39,29,80-39,8,19,52-24,21,52-32,52,0,37,0,109-57,
2007_050,SIE-VIR,5,REGULAR SEASON,E2007,SIE,VIR,0,0,0,0,0,0,24,13,9,28,7,3,12,4,10,7,4,6,7,3,2,1,35,45,52,17,13,38,67-69,40,80-69,9,23,45-36,26,45-45,11,7,40,30,80-69,50-57
2007_051,LJU-BAS,5,REGULAR SEASON,E2007,LJU,BAS,0,0,0,0,0,0,11,7,10,21,10,4,10,8,4,4,8,3,5,4,8,4,53,25,71,21,7,16,22-43,18,29-43,10,7,16-20,10,16-30,2,21,1,16,2-0,22-43
2007_052,CSK-ZAL,5,REGULAR SEASON,E2007,CSK,ZAL,0,0,0,0,0,0,16,9,7,21,5,5,11,8,7,3,4,3,10,5,8,5,53,25,46,24,8,1,2-2,3,10-2,9,28,62-50,31,62-59,12,0,14,0,35-23,
2007_053,ARI-MIL,5,REGULAR SEASON,E2007,ARI,MIL,0,0,0,0,0,0,21,9,12,24,7,4,8,2,2,2,9,1,4,9,15,0,40,30,71,6,8,30,51-62,31,59-62,7,4,4-7,6,4-14,0,17,0,11,,11-28
2007_054,TEL-CIB,5,REGULAR SEASON,E2007,TEL,CIB,0,0,0,0,0,0,21,9,5,24,6,13,14,9,3,20,5,14,11,8,10,1,37,43,50,24,8,11,21-24,14,29-24,13,34,74-57,38,74-70,22,3,26,11,63-41,21-24
2007_055,LEM-MAL,5,REGULAR SEASON,E2007,LEM,MAL,0,0,0,0,0,0,18,7,12,23,8,4,10,5,8,1,7,0,9,5,13,2,47,27,52,31,10,28,53-60,31,63-60,11,3,9-7,7,9-18,3,14,31,17,63-60,34-48
2007_056,LIE-IST,5,REGULAR SEASON,E2007,LIE,IST,0,0,0,0,0,0,21,12,11,21,13,3,11,5,4,11,6,9,4,2,6,2,54,16,46,31,14,18,23-33,23,37-33,10,10,10-10,14,10-20,6,13,6,16,8-2,16-29
2007_057,ULK-BAM,5,REGULAR SEASON,E2007,ULK,BAM,0,0,0,0,0,0,21,8,10,20,3,5,8,5,7,2,5,0,10,2,12,5,46,33,64,13,8,33,55-63,35,63-63,8,28,49-46,30,49-54,8,8,3,31,12-4,50-58
2007_058,PAR-ROM,5,REGULAR SEASON,E2007,PAR,ROM,0,0,0,0,0,0,21,9,13,13,7,4,6,1,4,0,5,2,8,6,3,2,62,29,66,20,8,21,54-54,23,62-54,5,4,11-9,5,11-14,9,3,16,5,41-32,11-14
2007_059,BAR-MAD,5,REGULAR SEASON,E2007,BAR,MAD,0,0,0,0,0,0,23,10,11,19,2,12,10,4,6,2,3,5,10,4,3,2,42,31,42,20,15,33,56-59,38,71-59,7,19,48-31,21,48-38,19,3,15,33,36-17,56-59
2007_060,ROA-PAN,5,REGULAR SEASON,E2007,ROA,PAN,0,0,0,0,0,0,10,9,9,22,12,9,6,10,7,0,5,4,15,1,10,20,59,24,48,75,8,10,20-29,12,28-29,15,16,33-39,18,33-54,3,43,1,39,5-2,78-121
2007_061,OLY-ZAL,6,REGULAR SEASON,E2007,OLY,ZAL,0,0,0,0,0,0,34,8,8,24,10,4,9,4,2,2,4,0,8,2,8,2,69,21,48,26,9,34,75-67,36,84-67,8,15,41-29,16,41-37,17,2,36,1,84-67,3-5
2007_062,BAS-CSK,6,REGULAR SEASON,E2007,BAS,CSK,0,0,0,0,0,0,19,11,5,21,5,2,2,1,3,2,5,1,8,3,14,1,47,29,74,11,11,36,61-80,40,72-80,10,3,5-2,5,5-12,3,20,3,25,5-2,40-60
2007_063,VIR-LJU,6,REGULAR SEASON,E2007,VIR,LJU,0,0,0,0,0,0,20,19,7,18,11,7,12,12,15,8,8,12,10,5,6,10,91,10,51,40,10,5,9-10,8,19-10,12,13,27-26,15,27-38,22,11,32,15,81-59,27-38
2007_064,SOP-SIE,6,REGULAR SEASON,E2007,SOP,SIE,0,0,0,0,0,0,17,9,15,22,14,6,9,4,2,3,8,3,6,4,6,3,31,28,49,35,5,31,41-68,32,46-68,10,12,16-24,14,16-34,0,28,0,36,,50-78
2007_065,ARI-IST,6,REGULAR SEASON,E2007,ARI,IST,0,0,0,0,0,0,24,11,8,31,8,3,13,5,4,1,4,1,9,1,6,6,54,13,37,27,15,15,17-24,20,32-24,6,29,45-35,31,45-41,11,7,24,15,38-27,17-24
2007_066,MAL-LIE,6,REGULAR SEASON,E2007,MAL,LIE,0,0,0,0,0,0,18,12,7,22,11,5,13,7,7,6,6,3,11,4,8,2,55,16,53,16,12,29,50-51,32,62-51,8,37,69-61,40,69-69,11,6,32,7,62-51,9-15
2007_067,CIB-LEM,6,REGULAR SEASON,E2007,CIB,LEM,0,0,0,0,0,0,20,6,5,20,10,2,7,10,1,8,5,4,7,3,15,1,57,34,50,21,10,23,45-49,25,55-49,7,34,79-59,36,79-66,23,4,38,22,89-66,43-47
2007_068,MIL-TEL,6,REGULAR SEASON,E2007,MIL,TEL,0,0,0,0,0,0,19,13,9,25,7,4,6,8,7,7,4,7,12,3,9,7,72,9,31,51,11,25,51-55,28,62-55,10,11,27-23,15,27-33,7,7,28,6,62-55,8-15
2007_069,ULK-PAN,6,REGULAR SEASON,E2007,ULK,PAN,0,0,0,0,0,0,21,5,11,24,9,6,5,8,6,5,6,6,7,4,8,7,36,28,40,43,9,29,41-65,32,50-65,12,20,39-41,25,39-53,5,24,12,29,26-21,41-65
2007_070,MAD-ROA,6,REGULAR SEASON,E2007,MAD,ROA,0,0,0,0,0,0,24,8,16,13,5,10,13,7,7,6,9,2,10,7,14,1,54,50,66,7,13,6,8-11,9,21-11,6,10,24-13,12,24-19,31,3,40,6,104-73,8-11
2007_071,ROM-BAR,6,REGULAR SEASON,E2007,ROM,BAR,0,0,0,0,0,0,17,9,7,30,5,6,12,6,12,7,5,6,4,4,8,5,40,25,60,14,11,16,18-35,19,29-35,7,5,5-6,7,5-13,0,17,0,16,,18-35
2007_072,BAM-PAR,6,REGULAR SEASON,E2007,BAM,PAR,0,0,0,0,0,0,30,11,5,25,6,4,7,3,5,1,1,1,11,2,10,1,67,11,37,25,10,31,57-51,36,67-51,8,29,57-43,31,57-51,17,3,16,3,34-17,2-5
2007_073,SIE-OLY,7,REGULAR SEASON,E2007,SIE,OLY,0,0,0,0,0,0,19,15,15,25,7,5,8,7,10,6,8,4,13,5,8,5,45,41,57,27,8,1,0-0,4,8-0,9,8,20-15,12,20-24,8,7,4,26,8-0,48-55
2007_074,LJU-SOP,7,REGULAR SEASON,E2007,LJU,SOP,0,0,0,0,0,0,24,4,6,25,9,3,12,7,7,1,6,3,8,2,3,2,55,13,30,19,9,10,13-15,14,22-15,10,20,35-23,24,35-33,19,2,38,10,64-45,13-15
2007_075,CSK-VIR,7,REGULAR SEASON,E2007,CSK,VIR,0,0,0,0,0,0,29,6,7,20,8,4,9,7,5,3,2,3,13,0,5,1,63,16,27,26,11,36,64-48,39,75-48,7,18,39-28,21,39-35,27,2,39,2,75-48,0-2
2007_076,ZAL-BAS,7,REGULAR SEASON,E2007,ZAL,BAS,0,0,0,0,0,0,25,9,12,17,11,1,4,6,4,2,2,2,7,7,8,10,58,37,60,32,9,6,9-16,8,18-16,7,38,93-85,40,93-92,8,8,38,5,93-85,6-14
2007_077,TEL-ARI,7,REGULAR SEASON,E2007,TEL,ARI,0,0,0,0,0,0,24,11,11,12,7,9,11,3,4,9,5,11,10,11,7,2,52,33,55,15,10,1,0-0,3,10-0,6,21,54-33,23,54-39,23,0,17,0,47-24,
2007_078,LEM-MIL,7,REGULAR SEASON,E2007,LEM,MIL,0,0,0,0,0,0,17,16,3,22,12,3,9,5,3,2,7,0,13,1,13,3,53,10,65,6,8,1,0-2,1,8-2,7,18,31-28,21,31-35,9,8,16,40,27-18,63-71
2007_079,LIE-CIB,7,REGULAR SEASON,E2007,LIE,CIB,0,0,0,0,0,0,32,4,8,16,11,3,10,5,7,4,9,5,15,5,6,2,56,37,52,7,15,10,21-14,14,36-14,7,36,78-47,37,78-54,35,3,40,4,93-58,5-8
2007_080,IST-MAL,7,REGULAR SEASON,E2007,IST,MAL,0,0,0,0,0,0,23,9,4,22,5,1,4,10,6,5,3,2,14,8,5,7,54,37,47,28,14,13,32-26,17,46-26,8,39,91-67,40,91-75,25,0,33,0,83-58,
2007_081,PAR-ULK,7,REGULAR SEASON,E2007,PAR,ULK,0,0,0,0,0,0,28,5,9,25,16,0,11,2,1,2,3,2,12,3,10,3,45,27,52,24,9,15,22-29,17,31-29,11,24,41-37,26,41-48,4,8,24,8,41-37,12-20
2007_082,BAR-BAM,7,REGULAR SEASON,E2007,BAR,BAM,0,0,0,0,0,0,23,9,12,20,4,7,11,9,2,11,4,2,9,7,5,8,54,26,33,25,10,21,39-36,26,49-36,5,10,16-11,12,16-16,25,0,40,0,80-55,
2007_083,ROA-ROM,7,REGULAR SEASON,E2007,ROA,ROM,0,0,0,0,0,0,29,8,11,21,10,6,7,4,5,2,5,5,23,4,6,11,84,20,50,35,10,34,83-65,37,93-65,7,13,33-20,14,33-27,28,0,37,0,93-65,
2007_084,PAN-MAD,7,REGULAR SEASON,E2007,PAN,MAD,0,0,0,0,0,0,20,10,6,20,11,7,9,5,3,1,3,7,13,7,1,3,60,32,56,29,9,5,10-11,7,19-11,9,33,71-68,36,71-77,8,6,7,23,19-11,46-52
2007_085,BAS-OLY,8,REGULAR SEASON,E2007,BAS,OLY,0,0,0,0,0,0,28,7,9,25,5,6,11,5,9,4,4,7,3,3,4,5,55,20,41,23,11,29,57-59,34,68-59,8,15,32-22,16,32-30,13,8,11,23,27-14,40-48
2007_086,ZAL-VIR,8,REGULAR SEASON,E2007,ZAL,VIR,0,0,0,0,0,0,24,8,12,15,7,6,5,6,3,4,2,5,10,9,5,5,69,33,35,47,10,9,22-17,11,32-17,13,34,95-59,37,95-72,37,4,33,3,91-54,5-9
2007_087,CSK-SOP,8,REGULAR SEASON,E2007,CSK,SOP,0,0,0,0,0,0,29,6,9,22,2,6,12,4,4,3,2,1,8,11,7,2,65,34,52,15,9,30,73-51,33,82-51,7,33,82-51,35,82-58,36,0,39,0,98-62,
2007_088,LJU-SIE,8,REGULAR SEASON,E2007,LJU,SIE,0,0,0,0,0,0,23,7,7,17,7,10,8,6,2,1,2,8,12,3,5,1,66,14,40,46,12,22,39-43,25,51-43,10,7,20-11,10,20-21,9,7,7,40,20-11,77-84
2007_089,MAL-ARI,8,REGULAR SEASON,E2007,MAL,ARI,0,0,0,0,0,0,29,9,8,27,4,8,10,5,9,4,7,2,8,6,7,0,50,23,47,5,13,30,50-43,33,63-43,7,25,44-32,28,44-39,25,3,35,4,71-46,4-7
2007_090,IST-CIB,8,REGULAR SEASON,E2007,IST,CIB,0,0,0,0,0,0,19,10,10,12,7,5,9,6,8,1,8,0,21,3,6,4,70,30,54,20,9,24,62-48,25,71-48,7,29,79-55,31,79-62,28,1,40,2,100-72,4-5
2007_091,LIE-MIL,8,REGULAR SEASON,E2007,LIE,MIL,0,0,0,0,0,0,28,6,5,21,12,3,6,6,9,3,6,9,11,2,5,0,59,16,42,20,13,6,9-17,9,22-17,9,29,62-48,33,62-57,14,8,29,5,62-48,7-15
2007_092,LEM-TEL,8,REGULAR SEASON,E2007,LEM,TEL,0,0,0,0,0,0,20,8,8,17,11,4,7,5,3,3,4,6,15,9,10,12,67,24,61,38,9,38,82-95,39,91-95,9,24,50-56,25,50-65,3,22,11,31,27-24,62-84
2007_093,MAD-ULK,8,REGULAR SEASON,E2007,MAD,ULK,0,0,0,0,0,0,24,9,10,20,7,9,8,5,5,4,8,4,7,11,9,8,50,37,38,39,9,7,12-13,9,21-13,6,25,58-39,27,58-45,19,2,23,1,56-37,0-2
2007_094,ROM-PAN,8,REGULAR SEASON,E2007,ROM,PAN,0,0,0,0,0,0,24,7,6,22,12,3,9,10,12,7,6,8,10,5,13,1,54,31,37,30,17,21,48-50,25,65-50,9,3,7-5,6,7-14,18,7,33,6,75-57,7-14
2007_095,ROA-BAM,8,REGULAR SEASON,E2007,ROA,BAM,0,0,0,0,0,0,21,8,8,19,14,0,9,6,6,2,5,1,13,0,10,4,77,7,57,24,8,9,17-20,13,25-20,8,2,5-2,5,5-10,5,6,13,22,25-20,35-41
2007_096,BAR-PAR,8,REGULAR SEASON,E2007,BAR,PAR,0,0,0,0,0,0,20,11,14,26,4,3,13,8,6,4,3,1,12,3,6,4,49,46,39,30,9,39,86-69,40,95-69,8,13,35-19,15,35-27,26,2,40,1,95-69,0-2
2007_097,OLY-LJU,9,REGULAR SEASON,E2007,OLY,LJU,0,0,0,0,0,0,29,10,9,22,3,8,9,7,4,7,2,5,10,11,11,5,64,49,58,22,12,25,61-57,28,73-57,7,15,41-29,17,41-36,33,0,40,0,113-80,
2007_098,SIE-CSK,9,REGULAR SEASON,E2007,SIE,CSK,0,0,0,0,0,0,22,13,8,26,9,3,9,5,9,6,11,1,2,7,6,1,42,24,59,10,7,7,12-17,8,19-17,11,28,57-50,32,57-61,14,7,21,2,48-34,0-7
2007_099,SOP-ZAL,9,REGULAR SEASON,E2007,SOP,ZAL,0,0,0,0,0,0,26,6,6,21,9,4,4,5,2,3,5,3,5,9,7,4,44,36,55,30,6,1,0-0,3,6-0,8,9,22-8,13,22-16,14,12,9,31,22-8,53-65
2007_100,VIR-BAS,9,REGULAR SEASON,E2007,VIR,BAS,0,0,0,0,0,0,22,8,8,29,9,4,8,6,9,5,9,4,9,2,11,7,58,11,72,13,7,14,23-35,16,30-35,8,16,30-35,19,30-43,0,19,0,40,,66-85
2007_101,ARI-LEM,9,REGULAR SEASON,E2007,ARI,LEM,0,0,0,0,0,0,24,17,13,14,10,3,8,7,5,3,2,1,9,4,10,5,58,35,44,30,10,16,39-31,18,49-31,6,20,54-33,23,54-39,26,3,38,5,90-64,9-12
2007_102,TEL-LIE,9,REGULAR SEASON,E2007,TEL,LIE,0,0,0,0,0,0,21,17,5,18,8,6,10,4,6,8,5,8,17,6,10,2,57,25,74,13,10,8,20-22,11,30-22,7,17,37-35,17,37-42,9,5,25,17,56-47,37-42
2007_103,MIL-IST,9,REGULAR SEASON,E2007,MIL,IST,0,0,0,0,0,0,21,11,8,33,2,2,10,6,10,6,2,2,5,6,9,4,40,33,60,16,7,19,32-36,22,39-36,9,25,43-40,27,43-49,4,10,3,33,4-0,56-66
2007_104,CIB-MAL,9,REGULAR SEASON,E2007,CIB,MAL,0,0,0,0,0,0,19,10,6,30,5,6,14,4,6,9,6,5,4,5,11,3,41,21,62,14,7,10,17-26,12,24-26,12,36,57-57,39,57-69,1,14,16,40,29-28,62-76
2007_105,ULK-BAR,9,REGULAR SEASON,E2007,ULK,BAR,0,0,0,0,0,0,18,5,12,25,8,3,9,3,3,5,2,3,6,7,7,5,36,42,44,41,7,16,25-35,18,32-35,13,20,41-40,24,41-53,0,14,0,28,,49-63
2007_106,PAR-ROA,9,REGULAR SEASON,E2007,PAR,ROA,0,0,0,0,0,0,27,7,15,16,14,3,12,1,5,0,10,1,12,5,7,0,66,16,60,16,9,16,31-41,19,40-41,10,19,40-41,20,40-51,6,18,38,11,80-74,14-32
2007_107,BAM-PAN,9,REGULAR SEASON,E2007,BAM,PAN,0,0,0,0,0,0,18,6,7,25,7,6,5,12,5,3,5,0,8,1,3,7,35,23,18,54,7,12,11-24,14,18-24,13,7,8-9,11,8-22,2,15,2,38,2-0,50-65
2007_108,ROM-MAD,9,REGULAR SEASON,E2007,ROM,MAD,0,0,0,0,0,0,19,10,10,19,8,4,5,9,9,6,6,6,7,3,7,2,49,20,39,25,12,6,9-19,11,21-19,11,26,46-39,29,46-50,7,10,19,5,34-27,6-16
2007_109,VIR-OLY,10,REGULAR SEASON,E2007,VIR,OLY,0,0,0,0,0,0,14,17,16,18,9,8,5,8,2,10,6,8,10,1,7,10,49,31,44,47,7,5,11-14,8,18-14,8,8,18-14,10,18-22,4,17,8,25,18-14,47-64
2007_110,BAS-SOP,10,REGULAR SEASON,E2007,BAS,SOP,0,0,0,0,0,0,22,16,7,23,4,1,8,3,3,3,2,1,7,7,12,4,58,40,30,44,10,20,57-40,23,67-40,10,37,96-61,39,96-71,39,3,35,1,93-54,2-5
2007_111,ZAL-SIE,10,REGULAR SEASON,E2007,ZAL,SIE,0,0,0,0,0,0,28,10,11,15,13,2,8,0,3,2,7,2,10,3,11,3,48,27,50,19,11,5,7-9,9,18-9,8,23,43-35,26,43-43,13,3,14,1,30-17,0-3
2007_112,CSK-LJU,10,REGULAR SEASON,E2007,CSK,LJU,0,0,0,0,0,0,29,6,9,24,6,6,11,2,3,4,7,2,9,7,6,0,53,21,51,6,10,24,38-30,26,48-30,9,26,48-30,28,48-39,19,7,40,4,74-55,6-13
2007_113,CIB-ARI,10,REGULAR SEASON,E2007,CIB,ARI,0,0,0,0,0,0,27,6,6,23,10,6,8,1,4,1,7,5,6,1,5,4,67,9,60,23,10,25,48-58,28,58-58,9,15,30-32,17,30-41,6,11,5,17,12-6,30-41
2007_114,MAL-MIL,10,REGULAR SEASON,E2007,MAL,MIL,0,0,0,0,0,0,24,14,6,23,7,1,9,4,7,3,5,1,19,5,9,1,57,32,54,16,13,22,47-41,24,60-41,7,2,5-2,3,5-9,20,4,32,3,74-54,5-9
2007_115,IST-TEL,10,REGULAR SEASON,E2007,IST,TEL,0,0,0,0,0,0,21,13,7,25,10,3,8,4,5,1,1,2,5,3,13,3,55,13,55,28,9,7,14-14,9,23-14,15,9,23-14,13,23-29,9,17,9,34,23-14,59-76
2007_116,LIE-LEM,10,REGULAR SEASON,E2007,LIE,LEM,0,0,0,0,0,0,35,10,7,23,9,9,6,11,13,5,6,11,13,6,4,2,62,23,36,14,14,24,56-34,30,70-34,7,30,72-35,34,72-42,39,1,38,3,83-44,3-4
2007_117,ROM-ULK,10,REGULAR SEASON,E2007,ROM,ULK,0,0,0,0,0,0,22,6,17,31,9,2,5,9,9,6,4,7,3,4,7,5,41,22,53,31,8,24,32-49,26,40-49,12,15,30-26,18,30-38,6,22,3,40,6-0,61-83
2007_118,MAD-BAM,10,REGULAR SEASON,E2007,MAD,BAM,0,0,0,0,0,0,26,7,12,18,6,10,15,4,6,8,6,5,10,10,5,6,55,38,40,17,15,1,0-0,5,15-0,6,9,27-6,10,27-12,38,0,40,0,93-55,
2007_119,PAN-PAR,10,REGULAR SEASON,E2007,PAN,PAR,0,0,0,0,0,0,21,11,2,35,3,5,13,7,3,7,5,0,4,4,5,3,35,32,55,11,10,3,0-2,5,10-2,10,32,59-45,36,59-55,15,2,24,3,48-33,0-2
2007_120,ROA-BAR,10,REGULAR SEASON,E2007,ROA,BAR,0,0,0,0,0,0,16,14,23,27,10,5,15,6,9,6,6,5,13,2,13,10,64,15,45,44,7,2,2-4,3,9-4,7,23,47-39,25,47-46,8,10,23,37,47-39,71-81
2007_121,OLY-CSK,11,REGULAR SEASON,E2007,OLY,CSK,0,0,0,0,0,0,26,12,4,20,7,5,6,3,3,3,2,0,6,4,9,1,55,16,61,6,14,8,11-15,13,25-15,8,21,42-33,23,42-41,13,4,14,8,30-17,11-15
2007_122,LJU-ZAL,11,REGULAR SEASON,E2007,LJU,ZAL,0,0,0,0,0,0,21,8,14,24,11,9,8,7,6,4,10,0,9,2,8,2,47,27,65,18,10,37,60-76,39,70-76,16,26,42-38,31,42-54,4,16,26,37,42-38,60-76
2007_123,SIE-BAS,11,REGULAR SEASON,E2007,SIE,BAS,0,0,0,0,0,0,20,7,8,28,8,1,12,7,14,6,7,2,11,0,11,1,69,14,61,10,7,23,43-39,25,50-39,4,3,8-6,4,8-10,15,2,39,1,80-65,0-2
2007_124,SOP-VIR,11,REGULAR SEASON,E2007,SOP,VIR,0,0,0,0,0,0,25,9,8,20,6,4,7,5,6,5,2,2,7,11,5,3,47,32,25,34,13,33,63-55,36,76-55,5,3,5-5,4,5-10,21,5,36,4,76-55,5-10
2007_125,ARI-LIE,11,REGULAR SEASON,E2007,ARI,LIE,0,0,0,0,0,0,17,9,9,24,9,3,11,5,4,1,1,2,9,3,6,2,59,10,43,29,11,7,8-12,11,19-12,10,39,69-62,40,69-72,10,5,35,4,62-52,1-6
2007_126,LEM-IST,11,REGULAR SEASON,E2007,LEM,IST,0,0,0,0,0,0,19,16,7,28,4,4,9,2,5,0,4,0,18,3,10,3,61,23,73,18,10,5,13-9,9,23-9,10,42,84-81,45,84-91,17,7,29,45,74-57,84-91
2007_127,TEL-MAL,11,REGULAR SEASON,E2007,TEL,MAL,0,0,0,0,0,0,22,11,8,27,1,3,6,9,6,8,2,2,14,7,6,5,64,23,38,30,9,37,76-66,39,85-66,7,1,5-2,2,5-9,19,4,39,2,85-66,9-13
2007_128,MIL-CIB,11,REGULAR SEASON,E2007,MIL,CIB,0,0,0,0,0,0,31,8,10,26,9,9,9,5,4,10,7,11,9,6,6,3,37,26,56,16,8,3,2-4,5,10-4,11,20,35-30,23,35-41,6,11,5,36,10-4,55-66
2007_129,ULK-ROA,11,REGULAR SEASON,E2007,ULK,ROA,0,0,0,0,0,0,23,16,12,16,10,11,7,9,6,4,8,7,10,3,7,4,62,19,40,28,14,36,67-66,40,81-66,11,30,65-52,33,65-63,16,0,8,0,24-8,
2007_130,BAR-PAN,11,REGULAR SEASON,E2007,BAR,PAN,0,0,0,0,0,0,32,10,6,26,9,8,5,9,5,3,5,3,6,7,6,6,30,25,30,26,14,12,15-18,19,29-18,9,26,40-35,29,40-44,11,4,19,29,29-18,40-44
2007_131,PAR-MAD,11,REGULAR SEASON,E2007,PAR,MAD,0,0,0,0,0,0,17,5,13,21,7,3,5,3,2,2,4,2,7,5,10,4,37,35,48,32,10,10,15-21,12,25-21,9,27,50-52,30,50-61,4,11,12,30,25-21,50-61
2007_132,BAM-ROM,11,REGULAR SEASON,E2007,BAM,ROM,0,0,0,0,0,0,25,6,5,19,10,12,5,2,1,1,5,0,4,5,9,4,19,40,50,23,5,5,4-9,7,9-9,11,25,36-39,30,36-50,2,16,1,32,2-0,43-59
2007_133,SOP-OLY,12,REGULAR SEASON,E2007,SOP,OLY,0,0,0,0,0,0,23,11,13,29,7,4,7,8,6,5,2,3,6,4,5,4,28,35,34,25,8,14,14-24,18,22-24,10,10,14-14,14,14-24,4,10,40,14,63-59,14-24
2007_134,VIR-SIE,12,REGULAR SEASON,E2007,VIR,SIE,0,0,0,0,0,0,21,8,10,22,7,11,7,9,6,6,13,5,4,2,11,0,40,24,55,22,9,18,25-41,20,34-41,11,37,61-66,40,61-77,0,20,0,9,,10-30
2007_135,BAS-LJU,12,REGULAR SEASON,E2007,BAS,LJU,0,0,0,0,0,0,20,6,10,22,7,6,11,7,4,10,7,4,5,11,10,6,52,37,51,23,10,10,20-21,12,30-21,7,34,84-61,36,84-68,23,4,34,1,84-61,2-6
2007_136,ZAL-CSK,12,REGULAR SEASON,E2007,ZAL,CSK,0,0,0,0,0,0,16,6,8,24,8,3,6,4,3,3,3,1,7,3,9,6,26,34,70,18,7,2,0-5,3,7-5,12,16,27-34,20,27-46,2,28,3,37,7-5,53-81
2007_137,MIL-ARI,12,REGULAR SEASON,E2007,MIL,ARI,0,0,0,0,0,0,29,3,14,16,9,6,6,4,5,6,7,8,12,3,0,3,62,15,58,11,7,39,70-69,40,77-69,6,4,7-2,4,7-8,8,4,9,35,20-12,58-62
2007_138,CIB-TEL,12,REGULAR SEASON,E2007,CIB,TEL,0,0,0,0,0,0,27,9,8,30,7,9,9,3,0,6,5,9,6,5,6,2,51,25,40,41,12,30,50-62,33,62-62,13,16,24-31,20,24-44,6,21,7,22,18-12,25-46
2007_139,MAL-LEM,12,REGULAR SEASON,E2007,MAL,LEM,0,0,0,0,0,0,25,15,10,21,4,5,8,3,3,7,3,3,12,6,9,3,44,43,42,26,11,7,12-14,10,23-14,9,33,71-52,36,71-61,22,8,31,3,68-46,0-8
2007_140,IST-LIE,12,REGULAR SEASON,E2007,IST,LIE,0,0,0,0,0,0,23,7,9,24,7,2,3,2,2,2,4,1,8,3,9,3,61,29,65,19,6,1,0-4,2,6-4,7,4,11-6,5,11-13,6,7,15,29,35-29,58-65
2007_141,BAM-ULK,12,REGULAR SEASON,E2007,BAM,ULK,0,0,0,0,0,0,26,6,4,18,14,3,5,9,3,1,3,4,14,1,9,1,65,16,58,15,12,5,13-12,11,25-12,13,18,38-23,23,38-36,16,0,13,0,30-14,
2007_142,ROM-PAR,12,REGULAR SEASON,E2007,ROM,PAR,0,0,0,0,0,0,24,9,9,28,8,3,13,4,12,6,8,1,5,1,7,2,76,12,77,10,9,19,34-36,21,43-36,7,8,22-18,10,22-25,12,5,26,4,59-47,9-14
2007_143,MAD-BAR,12,REGULAR SEASON,E2007,MAD,BAR,0,0,0,0,0,0,24,11,22,13,15,6,5,6,4,4,6,12,9,5,5,12,49,33,40,39,13,4,11-9,8,24-9,8,12,28-15,14,28-23,15,3,8,29,24-9,52-55
2007_144,PAN-ROA,12,REGULAR SEASON,E2007,PAN,ROA,0,0,0,0,0,0,30,12,10,15,8,10,8,5,5,2,8,3,12,9,11,6,50,52,61,17,13,5,14-8,8,27-8,9,38,99-69,40,99-78,30,0,38,0,99-69,
2007_145,ZAL-OLY,13,REGULAR SEASON,E2007,ZAL,OLY,0,0,0,0,0,0,21,10,9,22,9,3,11,4,6,6,4,3,10,4,9,1,62,26,57,18,10,19,36-32,21,46-32,12,37,88-63,40,88-75,25,0,37,0,88-63,
2007_146,CSK-BAS,13,REGULAR SEASON,E2007,CSK,BAS,0,0,0,0,0,0,22,5,9,24,7,5,9,5,3,4,0,5,10,6,3,5,54,16,39,23,11,1,0-2,4,11-2,7,8,15-9,9,15-16,15,2,27,1,49-34,0-2
2007_147,LJU-VIR,13,REGULAR SEASON,E2007,LJU,VIR,0,0,0,0,0,0,26,9,9,16,14,4,7,9,4,2,8,2,8,2,5,1,55,20,35,25,7,7,10-10,9,17-10,5,23,49-35,25,49-40,17,1,38,3,73-56,2-3
2007_148,SIE-SOP,13,REGULAR SEASON,E2007,SIE,SOP,0,0,0,0,0,0,22,8,4,23,6,4,10,9,14,6,8,2,12,5,6,2,45,42,35,29,13,1,0-0,5,13-0,11,34,74-47,37,74-58,28,0,24,0,54-26,
2007_149,IST-ARI,13,REGULAR SEASON,E2007,IST,ARI,0,0,0,0,0,0,21,7,4,22,8,7,5,8,5,5,7,3,8,4,8,4,36,38,48,36,8,9,12-10,11,20-10,10,18,34-24,21,34-34,11,13,14,39,25-14,65-78
2007_150,LIE-MAL,13,REGULAR SEASON,E2007,LIE,MAL,0,0,0,0,0,0,18,14,8,21,7,6,12,6,6,12,2,11,8,2,5,3,47,24,38,25,11,15,28-26,19,39-26,8,25,46-37,29,46-45,13,0,19,0,39-26,
2007_151,LEM-CIB,13,REGULAR SEASON,E2007,LEM,CIB,0,0,0,0,0,0,22,11,3,26,2,6,11,7,7,4,3,2,13,15,5,10,50,50,53,34,10,17,48-37,20,58-37,11,25,72-46,27,72-57,26,0,25,0,72-46,
2007_152,TEL-MIL,13,REGULAR SEASON,E2007,TEL,MIL,0,0,0,0,0,0,25,12,10,25,7,5,7,4,4,7,6,6,15,11,8,2,50,41,70,6,10,1,4-6,4,14-6,8,8,21-19,9,21-27,17,12,39,13,91-74,23-35
2007_153,PAN-ULK,13,REGULAR SEASON,E2007,PAN,ULK,0,0,0,0,0,0,29,15,6,25,6,7,13,5,7,3,4,6,7,7,5,9,17,71,33,35,9,14,23-19,16,32-19,6,30,70-46,32,70-52,25,5,29,3,68-43,0-5
2007_154,ROA-MAD,13,REGULAR SEASON,E2007,ROA,MAD,0,0,0,0,0,0,21,16,15,20,12,7,6,7,7,2,5,7,9,0,7,10,51,17,42,40,9,10,17-24,11,26-24,7,11,26-24,14,26-31,0,16,0,40,,66-82
2007_155,BAR-ROM,13,REGULAR SEASON,E2007,BAR,ROM,0,0,0,0,0,0,20,8,16,16,7,7,9,2,1,2,6,2,8,7,13,1,51,24,65,12,12,16,30-35,21,42-35,9,22,44-37,24,44-46,7,6,21,6,42-35,8-14
2007_156,PAR-BAM,13,REGULAR SEASON,E2007,PAR,BAM,0,0,0,0,0,0,36,1,12,15,7,5,9,5,6,1,4,1,10,3,6,2,63,22,28,9,20,13,20-13,19,40-13,7,1,4-0,4,4-7,48,3,38,4,83-35,4-7
2007_157,OLY-SIE,14,REGULAR SEASON,E2007,OLY,SIE,0,0,0,0,0,0,27,4,12,21,12,6,6,6,3,2,4,7,7,3,5,6,53,20,43,37,9,32,53-55,34,62-55,8,12,19-23,14,19-31,7,12,34,14,62-55,19-31
2007_158,SOP-LJU,14,REGULAR SEASON,E2007,SOP,LJU,0,0,0,0,0,0,20,13,10,17,6,7,8,7,7,5,3,2,12,5,12,4,54,25,49,19,10,13,19-26,18,29-26,5,5,9-8,6,9-13,15,7,34,13,69-54,19-26
2007_159,VIR-CSK,14,REGULAR SEASON,E2007,VIR,CSK,0,0,0,0,0,0,22,5,12,25,7,12,1,9,8,1,4,14,5,0,8,10,53,15,45,47,6,14,8-35,16,14-35,12,4,3-8,9,3-20,0,33,0,36,,53-86
2007_160,BAS-ZAL,14,REGULAR SEASON,E2007,BAS,ZAL,0,0,0,0,0,0,26,8,16,19,8,3,6,6,7,2,4,2,9,2,7,1,62,22,48,18,15,14,24-33,17,39-33,9,22,48-39,25,48-48,18,13,39,9,81-63,11-24
2007_161,ARI-TEL,14,REGULAR SEASON,E2007,ARI,TEL,0,0,0,0,0,0,27,5,12,38,8,3,11,8,6,3,5,1,15,3,16,4,75,19,65,36,7,31,60-67,33,67-67,8,20,43-42,22,43-50,7,9,7,43,23-16,88-97
2007_162,MIL-LEM,14,REGULAR SEASON,E2007,MIL,LEM,0,0,0,0,0,0,20,5,19,25,13,6,8,9,11,6,11,8,7,2,6,10,35,28,46,37,6,1,0-2,2,6-2,13,12,22-16,16,22-29,6,25,12,38,22-16,58-83
2007_163,CIB-LIE,14,REGULAR SEASON,E2007,CIB,LIE,0,0,0,0,0,0,14,18,14,22,6,4,11,2,5,5,4,3,8,7,7,7,42,37,58,28,10,1,0-0,4,10-0,11,23,50-40,25,50-51,17,7,16,40,41-24,79-86
2007_164,MAL-IST,14,REGULAR SEASON,E2007,MAL,IST,0,0,0,0,0,0,18,15,9,20,6,4,7,10,7,2,5,2,3,5,8,7,52,35,29,48,10,14,31-29,17,41-29,7,24,60-40,27,60-47,20,4,24,9,60-40,18-22
2007_165,ULK-PAR,14,REGULAR SEASON,E2007,ULK,PAR,0,0,0,0,0,0,16,13,10,26,7,5,14,4,4,7,5,2,11,3,17,1,54,32,69,22,9,9,20-18,11,29-18,16,11,29-18,16,29-34,11,12,11,34,29-18,67-79
2007_166,BAM-BAR,14,REGULAR SEASON,E2007,BAM,BAR,0,0,0,0,0,0,25,19,9,21,5,7,4,3,2,1,4,5,12,0,15,1,51,14,45,24,8,20,27-34,21,35-34,5,7,12-12,8,12-17,5,7,1,10,5-0,14-21
2007_167,ROM-ROA,14,REGULAR SEASON,E2007,ROM,ROA,0,0,0,0,0,0,26,19,11,27,4,10,9,3,10,1,6,5,3,5,2,0,43,24,60,14,11,32,46-61,36,57-61,11,4,9-2,7,9-13,7,15,4,32,9-2,46-61
2007_168,MAD-PAN,14,REGULAR SEASON,E2007,MAD,PAN,0,0,0,0,0,0,27,10,11,26,4,8,7,11,2,4,1,3,12,5,3,10,64,31,22,65,10,6,9-10,8,19-10,6,8,20-14,8,20-20,11,3,22,1,56-45,0-3
2007_169,IST-PAN,15,TOP SIXTEEN,E2007,IST,PAN,0,0,0,0,0,0,25,3,9,25,8,6,7,7,9,0,3,7,6,7,7,4,52,22,28,36,9,6,8-16,8,17-16,6,5,8-10,6,8-16,19,8,32,6,67-48,8-16
2007_170,SIE-PAR,15,TOP SIXTEEN,E2007,SIE,PAR,0,0,0,0,0,0,18,9,8,31,4,6,23,6,22,7,7,4,9,2,6,3,42,29,42,12,11,8,10-9,12,21-9,5,12,21-9,13,21-14,18,4,39,2,66-48,0-4
2007_171,LIE-BAS,15,TOP SIXTEEN,E2007,LIE,BAS,0,0,0,0,0,0,24,6,14,17,11,6,7,3,8,2,4,11,9,1,3,8,70,11,44,40,10,21,36-47,23,46-47,10,9,18-16,13,18-26,3,11,6,20,12-9,33-44
2007_172,ARI-ULK,15,TOP SIXTEEN,E2007,ARI,ULK,0,0,0,0,0,0,19,10,21,26,5,5,7,8,5,1,4,2,8,8,6,5,64,24,51,45,7,15,32-39,17,39-39,9,20,43-48,22,43-57,0,14,0,22,,43-57
2007_173,MAD-ZAL,15,TOP SIXTEEN,E2007,MAD,ZAL,0,0,0,0,0,0,20,6,11,16,7,5,10,7,9,3,6,4,12,4,14,6,59,29,53,32,18,27,52-59,33,70-59,9,13,26-20,15,26-29,11,7,33,27,70-59,52-59
2007_174,OLY-TEL,15,TOP SIXTEEN,E2007,OLY,TEL,0,0,0,0,0,0,24,5,9,25,8,6,10,7,2,5,3,3,11,4,13,5,43,24,47,28,6,30,46-58,34,52-58,7,18,30-27,22,30-34,4,13,9,29,17-13,43-56
2007_175,CSK-ROM,15,TOP SIXTEEN,E2007,CSK,ROM,0,0,0,0,0,0,25,10,13,26,4,9,9,6,9,0,4,4,6,5,10,0,50,22,55,16,8,38,56-67,39,64-67,8,14,22-22,18,22-30,5,11,5,37,10-5,55-66
2007_176,BAR-MAL,15,TOP SIXTEEN,E2007,BAR,MAL,0,0,0,0,0,0,21,12,10,25,9,5,14,7,2,11,4,5,5,9,2,5,34,30,30,32,6,5,6-5,8,12-5,8,24,46-35,27,46-43,12,0,15,0,30-18,
2007_177,PAN-PAR,16,TOP SIXTEEN,E2007,PAN,PAR,0,0,0,0,0,0,24,13,4,20,15,4,14,6,13,3,7,7,7,1,4,9,50,17,36,29,12,4,4-11,7,16-11,11,18,34-36,22,34-47,5,15,7,26,16-11,39-54
2007_178,IST-SIE,16,TOP SIXTEEN,E2007,IST,SIE,0,0,0,0,0,0,25,5,12,22,9,8,11,2,3,5,11,1,8,6,15,1,34,42,63,16,8,16,22-19,17,30-19,11,17,30-19,21,30-30,11,6,17,29,30-19,42-48
2007_179,BAS-ULK,16,TOP SIXTEEN,E2007,BAS,ULK,0,0,0,0,0,0,27,12,6,17,11,4,6,9,1,4,8,3,10,12,10,2,56,47,54,30,13,21,50-40,25,63-40,7,39,103-77,40,103-84,27,0,37,0,97-70,
2007_180,LIE-ARI,16,TOP SIXTEEN,E2007,LIE,ARI,0,0,0,0,0,0,19,10,8,16,9,5,10,6,4,12,6,6,12,2,5,4,64,25,50,24,8,4,7-5,6,15-5,8,29,65-47,32,65-55,24,0,24,0,60-36,
2007_181,ZAL-TEL,16,TOP SIXTEEN,E2007,ZAL,TEL,0,0,0,0,0,0,25,8,20,18,6,4,11,5,2,5,2,3,13,3,6,3,61,40,52,30,11,31,82-64,35,93-64,7,11,23-26,12,23-33,29,12,35,14,93-64,28-40
2007_182,MAD-OLY,16,TOP 16,E2007,MAD,OLY,0,0,0,0,0,0,19,8,11,20,4,7,9,2,1,5,6,2,5,7,9,6,45,35,52,18,9,1,0-0,3,9-0,8,16,38-25,18,38-33,15,0,11,0,29-14,
2007_183,ROM-MAL,16,TOP SIXTEEN,E2007,ROM,MAL,0,0,0,0,0,0,22,8,11,29,3,4,10,7,8,10,4,3,7,4,7,2,47,28,46,21,10,15,21-24,17,31-24,8,29,58-48,32,58-56,13,5,39,10,73-60,12-17
2007_184,CSK-BAR,16,TOP SIXTEEN,E2007,CSK,BAR,0,0,0,0,0,0,23,8,17,24,6,6,5,13,9,5,3,5,7,6,3,4,55,17,31,24,9,9,13-11,12,22-11,6,28,46-37,30,46-43,17,0,39,0,72-55,
2007_185,SIE-PAN,17,TOP 16,E2007,SIE,PAN,0,0,0,0,0,0,13,5,8,20,8,3,13,7,10,11,6,6,15,2,9,5,63,21,45,30,10,4,3-9,6,13-9,8,9,22-15,12,22-23,11,6,23,4,53-42,3-9
2007_186,PAR-IST,17,TOP 16,E2007,PAR,IST,0,0,0,0,0,0,25,4,11,19,8,6,11,0,3,3,4,1,10,9,10,2,39,39,56,9,8,12,22-23,14,30-23,5,4,15-7,6,15-12,17,1,38,10,76-59,19-20
2007_187,ARI-BAS,17,TOP 16,E2007,ARI,BAS,0,0,0,0,0,0,21,13,11,25,6,7,9,5,3,7,2,1,5,2,10,10,49,20,55,32,5,17,19-36,17,24-36,9,11,16-18,13,16-27,0,24,0,37,,59-83
2007_188,ULK-LIE,17,TOP 16,E2007,ULK,LIE,0,0,0,0,0,0,26,14,10,25,10,7,19,0,6,5,10,2,8,4,12,3,45,50,78,13,8,13,31-29,17,39-29,9,21,47-35,24,47-44,13,10,19,31,45-32,55-65
2007_189,OLY-ZAL,17,TOP 16,E2007,OLY,ZAL,0,0,0,0,0,0,25,10,11,22,7,6,11,7,7,1,2,5,7,5,6,5,70,16,49,35,10,4,6-11,6,16-11,13,20,39-36,24,39-49,5,11,6,25,16-11,41-52
2007_190,TEL-MAD,17,TOP 16,E2007,TEL,MAD,0,0,0,0,0,0,30,8,6,17,8,7,7,5,3,9,9,6,9,17,13,5,38,56,60,15,9,1,2-7,2,11-7,7,1,2-0,1,2-7,20,5,30,1,70-50,2-7
2007_191,BAR-ROM,17,TOP 16,E2007,BAR,ROM,0,0,0,0,0,0,34,8,17,20,8,9,12,3,4,6,7,7,5,8,4,4,58,28,38,19,23,7,16-11,16,39-11,18,17,41-13,23,41-31,31,1,40,2,86-55,4-5
2007_192,MAL-CSK,17,TOP 16,E2007,MAL,CSK,0,0,0,0,0,0,23,11,9,26,9,4,7,8,5,5,5,1,5,3,4,5,49,23,49,18,11,22,43-35,25,54-35,7,18,39-26,20,39-33,19,0,25,0,54-35,
2007_193,PAN-IST,18,TOP 16,E2007,PAN,IST,0,0,0,0,0,0,19,8,3,19,5,8,14,3,4,4,5,3,5,7,10,3,35,39,49,16,9,26,45-46,29,54-46,12,29,54-46,34,54-58,9,10,40,6,74-65,6-16
2007_194,PAR-SIE,18,TOP 16,E2007,PAR,SIE,0,0,0,0,0,0,18,6,10,12,8,10,9,5,3,3,6,5,8,2,9,4,48,30,55,20,8,19,29-34,22,37-34,10,25,41-42,28,41-52,8,11,8,28,14-6,41-52
2007_195,BAS-LIE,18,TOP 16,E2007,BAS,LIE,0,0,0,0,0,0,13,7,8,21,2,6,14,2,4,3,5,1,10,5,8,8,54,33,66,18,9,4,7-9,6,16-9,8,18,41-36,19,41-44,9,6,8,24,21-12,50-56
2007_196,ULK-ARI,18,TOP 16,E2007,ULK,ARI,0,0,0,0,0,0,21,9,12,26,6,5,12,4,6,4,5,2,1,5,9,3,29,30,40,20,7,11,16-25,14,23-25,5,1,0-3,2,0-8,0,9,0,9,,13-22
2007_197,ZAL-MAD,18,TOP 16,E2007,ZAL,MAD,0,0,0,0,0,0,21,11,13,16,9,5,6,5,2,2,7,3,12,6,7,5,42,27,41,42,6,2,2-4,4,8-4,10,19,30-36,22,30-46,5,17,7,33,12-7,58-75
2007_198,TEL-OLY,18,TOP 16,E2007,TEL,OLY,0,0,0,0,0,0,24,7,13,19,7,4,5,6,4,7,4,7,11,7,12,6,63,19,55,32,10,2,1-7,4,11-7,8,16,45-34,18,45-42,14,6,27,2,67-53,1-7
2007_199,ROM-CSK,18,TOP 16,E2007,ROM,CSK,0,0,0,0,0,0,18,5,15,30,11,6,7,6,6,5,10,3,4,0,3,13,29,25,63,19,7,26,33-62,30,40-62,10,6,3-11,8,3-21,0,32,0,35,,44-76
2007_200,MAL-BAR,18,TOP 16,E2007,MAL,BAR,0,0,0,0,0,0,25,9,12,20,9,7,5,2,3,2,4,5,1,6,5,7,25,37,27,34,7,2,0-4,5,7-4,7,20,34-30,22,34-37,5,4,34,2,57-52,0-4
2007_201,PAN-SIE,19,TOP 16,E2007,PAN,SIE,0,0,0,0,0,0,20,8,3,22,12,3,11,5,4,4,6,4,4,9,11,3,44,33,52,24,12,9,12-27,12,24-27,11,1,0-0,3,0-11,7,15,25,9,54-47,12-27
2007_202,IST-PAR,19,TOP 16,E2007,IST,PAR,0,0,0,0,0,0,25,5,5,27,11,1,9,4,5,3,2,3,6,4,6,6,68,11,38,45,11,35,57-75,38,68-75,9,9,19-18,12,19-27,0,23,0,30,,45-68
2007_203,BAS-ARI,19,TOP 16,E2007,BAS,ARI,0,0,0,0,0,0,20,9,7,18,9,6,9,12,4,7,5,6,8,8,8,6,34,56,43,31,9,30,61-55,32,70-55,8,10,22-21,11,22-29,19,7,39,11,88-69,22-29
2007_204,LIE-ULK,19,TOP 16,E2007,LIE,ULK,0,0,0,0,0,0,20,6,11,22,9,5,9,8,5,9,4,10,9,2,11,4,72,15,36,48,10,22,40-51,24,50-51,8,27,59-57,29,59-65,5,12,39,17,87-82,30-42
2007_205,ZAL-OLY,19,TOP 16,E2007,ZAL,OLY,0,0,0,0,0,0,24,9,14,21,11,9,6,9,4,4,10,1,7,2,6,2,36,16,37,24,9,12,9-15,15,18-15,12,36,52-49,40,52-61,6,9,27,40,41-35,52-61
2007_206,MAD-TEL,19,TOP 16,E2007,MAD,TEL,0,0,0,0,0,0,24,13,13,28,7,2,8,4,6,5,3,1,14,8,12,9,51,49,54,49,6,37,80-83,39,86-83,11,27,68-56,29,68-67,13,4,24,41,58-45,89-93
2007_207,ROM-BAR,19,TOP 16,E2007,ROM,BAR,0,0,0,0,0,0,23,9,7,25,7,6,8,9,8,4,4,8,5,3,8,5,49,19,21,42,11,35,54-61,40,65-61,10,14,30-18,18,30-28,12,7,14,35,30-18,54-61
2007_208,CSK-MAL,19,TOP 16,E2007,CSK,MAL,0,0,0,0,0,0,25,7,11,21,5,5,12,2,4,2,4,3,13,8,6,7,53,40,44,26,12,9,21-16,14,33-16,7,16,35-18,18,35-25,27,0,27,0,64-37,
2007_209,PAR-PAN,20,TOP 16,E2007,PAR,PAN,0,0,0,0,0,0,25,7,12,11,11,4,2,5,2,3,2,9,9,1,4,5,53,29,36,37,9,6,14-15,9,23-15,7,24,53-46,27,53-53,9,2,10,1,26-17,0-2
2007_210,SIE-IST,20,TOP 16,E2007,SIE,IST,0,0,0,0,0,0,22,10,12,24,8,4,10,5,11,4,3,10,18,2,11,1,65,15,46,21,9,16,28-25,17,37-25,9,36,74-55,39,74-64,19,2,36,4,74-55,4-6
2007_211,ULK-BAS,20,TOP 16,E2007,ULK,BAS,0,0,0,0,0,0,25,6,5,26,7,7,9,10,6,9,4,3,7,5,7,2,43,32,40,19,12,10,28-17,14,40-17,10,14,40-17,19,40-27,23,0,14,0,40-17,
2007_212,ARI-LIE,20,TOP 16,E2007,ARI,LIE,0,0,0,0,0,0,20,15,15,20,7,10,13,9,7,6,8,3,3,7,11,3,52,31,52,22,7,26,47-45,30,54-45,7,24,47-38,26,47-45,13,5,38,7,75-62,11-16
2007_213,TEL-ZAL,20,TOP 16,E2007,TEL,ZAL,0,0,0,0,0,0,29,18,10,23,5,6,7,5,2,10,3,8,18,5,6,6,50,30,36,30,12,21,44-40,29,56-40,10,15,38-25,18,38-35,18,3,35,7,75-57,15-18
2007_214,OLY-MAD,20,TOP 16,E2007,OLY,MAD,0,0,0,0,0,0,26,13,9,22,4,4,6,4,5,2,1,2,8,4,8,2,44,28,40,23,11,32,49-51,37,60-51,10,22,39-34,25,39-44,10,5,40,25,68-58,39-44
2007_215,MAL-ROM,20,TOP 16,E2007,MAL,ROM,0,0,0,0,0,0,29,8,4,21,6,7,7,5,4,2,6,2,4,5,8,3,46,33,36,22,9,18,29-29,22,38-29,10,10,19-8,12,19-18,21,0,40,0,79-58,
2007_216,BAR-CSK,20,TOP 16,E2007,BAR,CSK,0,0,0,0,0,0,29,7,9,31,6,7,6,9,8,3,4,6,5,4,3,11,44,20,33,29,10,1,0-0,5,10-0,9,9,15-9,11,15-18,11,4,6,21,13-2,32-36
2007_217,SIE-ULK,21,PLAY OFF,E2007,SIE,ULK,0,0,0,0,0,0,24,8,7,29,13,4,13,8,16,6,8,9,12,2,6,5,42,31,27,39,9,29,52-51,32,61-51,9,14,27-20,16,27-29,11,3,37,16,68-57,29-32
2007_218,BAS-PAR,21,PLAY OFF,E2007,BAS,PAR,0,0,0,0,0,0,23,10,9,27,5,2,8,4,5,3,4,0,0,1,9,0,45,29,46,20,10,23,38-40,26,48-40,5,18,31-28,20,31-33,10,3,35,20,67-57,34-37
2007_219,TEL-BAR,21,PLAY OFF,E2007,TEL,BAR,0,0,0,0,0,0,31,11,9,24,9,4,4,5,5,4,2,11,13,2,7,6,54,27,51,24,9,8,13-14,11,22-14,6,15,32-19,15,32-25,13,3,15,4,32-19,5-8
2007_220,CSK-OLY,21,PLAY OFF,E2007,CSK,OLY,0,0,0,0,0,0,16,4,5,21,4,6,6,7,3,6,4,1,4,5,9,3,58,16,65,11,7,36,60-72,37,67-72,8,34,60-64,36,60-72,2,15,1,27,2-0,42-57
2007_221,ULK-SIE,22,PLAY OFF,E2007,ULK,SIE,0,0,0,0,0,0,24,7,6,27,9,8,8,3,6,2,9,2,5,4,15,3,31,34,71,15,6,31,45-65,33,51-65,16,21,36-37,25,36-53,0,24,0,39,,58-82
2007_222,PAR-BAS,22,PLAY OFF,E2007,PAR,BAS,0,0,0,0,0,0,29,3,8,25,5,2,7,2,4,1,1,4,11,6,4,9,46,30,41,14,13,4,9-9,7,22-9,7,15,34-21,20,34-28,24,0,40,0,76-52,
2007_223,BAR-TEL,22,PLAY OFF,E2007,BAR,TEL,0,0,0,0,0,0,29,11,10,30,2,4,9,2,3,5,2,2,5,10,10,3,43,40,46,28,10,10,21-22,13,31-22,7,16,38-29,19,38-36,13,2,32,6,71-58,13-15
2007_224,OLY-CSK,22,PLAY OFF,E2007,OLY,CSK,0,0,0,0,0,0,24,6,5,21,6,2,4,0,1,0,3,3,9,2,11,7,45,28,71,12,8,7,14-13,9,22-13,9,14,32-27,16,32-36,12,16,10,24,27-15,44-60
2007_225,BAS-PAR,23,PLAY OFF,E2007,BAS,PAR,0,0,0,0,0,0,25,15,7,15,9,5,9,3,2,2,4,5,3,6,7,2,56,29,52,16,10,32,65-57,35,75-57,6,1,0-0,2,0-6,18,8,35,5,75-57,6-14
2007_226,TEL-BAR,23,PLAY OFF,E2007,TEL,BAR,0,0,0,0,0,0,26,16,7,23,6,7,8,5,5,8,7,6,12,6,11,2,40,48,43,32,9,9,15-19,11,24-19,8,2,3-2,4,3-10,17,7,34,4,75-58,3-10
2007_227,CSK-OLY,23,PLAY OFF,E2007,CSK,OLY,0,0,0,0,0,0,25,6,2,18,4,5,5,7,3,4,1,3,10,7,10,3,57,24,36,20,9,33,65-54,37,74-54,6,23,50-35,24,50-41,25,0,40,0,81-56,
2007_228,SIE-TEL,24,FINAL FOUR,E2007,SIE,TEL,0,0,0,0,0,0,21,12,15,28,4,3,7,8,8,2,4,0,8,2,6,11,60,25,22,70,8,1,0-0,3,8-0,13,29,64-54,33,64-67,18,10,15,40,36-18,82-92
2007_229,BAS-CSK,24,FINAL FOUR,E2007,BAS,CSK,0,0,0,0,0,0,21,9,5,20,6,4,3,5,3,4,4,3,6,5,5,0,59,20,70,13,6,10,18-20,13,24-20,10,33,61-59,36,61-69,8,9,20,38,38-30,66-75
2007_230,SIE-BAS,25,FINAL FOUR,E2007,SIE,BAS,0,0,0,0,0,0,30,11,10,31,6,8,6,11,8,2,4,3,15,3,5,15,61,36,52,41,10,20,35-41,22,45-41,6,28,61-55,30,61-61,8,6,45,17,93-85,31-37
2007_231,TEL-CSK,25,FINAL FOUR,E2007,TEL,CSK,0,0,0,0,0,0,25,9,9,25,9,7,5,4,3,6,7,1,6,3,10,5,56,21,74,17,7,16,31-38,18,38-38,10,30,57-63,34,57-73,5,16,1,34,5-0,57-73
2008_001,AVE-OLY,1,REGULAR SEASON,E2008,AVE,OLY,0,0,0,0,0,0,19,9,14,33,7,6,7,11,8,3,2,6,7,0,7,4,53,16,38,45,8,8,14-14,9,22-14,8,29,54-59,33,54-67,8,15,9,34,22-14,56-71
2008_002,MAL-LEM,1,REGULAR SEASON,E2008,MAL,LEM,0,0,0,0,0,0,23,11,13,17,13,7,8,6,3,2,3,4,10,7,9,5,43,41,58,21,7,8,12-18,10,19-18,7,21,42-33,23,42-40,10,6,36,8,73-63,12-18
2008_003,CIB-TEL,1,REGULAR SEASON,E2008,CIB,TEL,0,0,0,0,0,0,16,14,9,15,11,3,10,6,5,3,6,0,6,2,7,4,48,33,61,18,8,4,4-8,5,12-8,6,16,30-23,16,30-29,9,4,28,2,54-45,0-4
2008_004,NAN-BAR,1,REGULAR SEASON,E2008,NAN,BAR,0,0,0,0,0,0,24,10,11,33,10,3,2,7,4,1,1,3,6,6,14,9,26,28,45,37,6,16,24-39,19,30-39,9,29,45-59,32,45-68,0,28,0,40,,54-82
2008_005,PAN-ZAL,1,REGULAR SEASON,E2008,PAN,ZAL,0,0,0,0,0,0,25,20,3,27,7,3,11,11,4,6,2,3,5,9,6,3,38,40,40,11,9,26,48-37,28,57-37,11,13,36-12,16,36-23,31,0,39,0,77-46,
2008_006,SIE-SOP,1,REGULAR SEASON,E2008,SIE,SOP,0,0,0,0,0,0,28,13,13,24,5,4,6,4,5,2,3,3,13,3,12,3,39,41,51,20,8,8,16-14,12,24-14,7,12,24-14,13,24-21,16,3,26,2,58-42,0-3
2008_007,BAS-ULK,1,REGULAR SEASON,E2008,BAS,ULK,0,0,0,0,0,0,24,10,9,20,11,2,7,7,7,3,5,3,5,4,10,2,68,12,38,32,10,18,34-34,21,44-34,5,2,6-6,4,6-11,14,5,27,4,57-43,6-11
2008_008,BER-ROM,1,REGULAR SEASON,E2008,BER,ROM,0,0,0,0,0,0,26,6,12,16,10,3,6,7,4,3,2,1,6,4,6,5,47,21,23,40,10,18,31-40,23,41-40,7,26,50-45,29,50-52,6,9,40,18,67-61,31-40
2008_009,JOV-LJU,1,REGULAR SEASON,E2008,JOV,LJU,0,0,0,0,0,0,19,18,15,24,7,4,11,10,6,9,4,2,14,3,8,1,47,34,58,6,12,31,59-54,35,71-54,5,1,0-2,2,0-7,17,10,35,7,71-54,6-16
2008_010,MAD-NIO,1,REGULAR SEASON,E2008,MAD,NIO,0,0,0,0,0,0,23,8,11,20,4,7,9,9,6,6,6,1,8,8,8,4,53,34,34,32,8,18,36-33,20,44-33,6,1,3-2,4,3-8,23,5,40,4,87-64,3-8
2008_011,CSK-MIL,1,REGULAR SEASON,E2008,CSK,MIL,0,0,0,0,0,0,22,9,7,16,9,3,6,9,6,3,3,2,12,8,4,3,63,27,43,21,10,5,12-6,10,22-6,7,28,64-36,30,64-43,29,0,40,0,90-61,
2008_012,IST-PAR,1,REGULAR SEASON,E2008,IST,PAR,0,0,0,0,0,0,16,20,4,23,9,3,10,5,6,2,5,0,5,2,5,5,52,9,40,20,15,11,11-17,14,26-17,9,30,49-37,34,49-46,15,6,18,11,35-20,11-17
2008_013,TEL-AVE,2,REGULAR SEASON,E2008,TEL,AVE,0,0,0,0,0,0,26,8,6,17,5,3,8,1,3,4,3,5,13,5,8,6,72,18,60,23,18,20,42-39,23,60-39,11,34,83-59,36,83-70,27,2,31,1,81-54,0-2
2008_014,LEM-CIB,2,REGULAR SEASON,E2008,LEM,CIB,0,0,0,0,0,0,21,8,9,28,9,4,14,7,11,0,6,1,6,2,6,4,31,23,34,24,13,34,39-51,39,52-51,9,7,6-3,11,6-12,3,12,3,15,3-0,11-23
2008_015,OLY-MAL,2,REGULAR SEASON,E2008,OLY,MAL,0,0,0,0,0,0,32,11,6,18,8,6,2,6,3,2,5,1,7,12,2,11,37,46,36,36,11,8,10-20,12,21-20,8,32,63-50,35,63-58,14,10,31,8,62-48,10-20
2008_016,SOP-NAN,2,REGULAR SEASON,E2008,SOP,NAN,0,0,0,0,0,0,28,9,12,20,1,7,9,5,6,3,2,4,11,3,2,1,61,30,48,14,10,10,14-19,14,24-19,8,8,14-11,10,14-19,29,5,39,10,91-62,14-19
2008_017,ZAL-SIE,2,REGULAR SEASON,E2008,ZAL,SIE,0,0,0,0,0,0,22,7,8,15,17,5,6,3,1,4,8,5,8,6,11,6,50,17,42,51,9,18,37-40,21,46-40,13,28,57-61,32,57-74,8,26,14,40,31-23,67-93
2008_018,BAR-PAN,2,REGULAR SEASON,E2008,BAR,PAN,0,0,0,0,0,0,27,7,9,16,4,8,5,7,4,3,1,3,9,4,7,2,51,39,38,28,7,9,22-15,13,29-15,6,36,82-52,37,82-58,32,0,35,0,80-48,
2008_019,LJU-BAS,2,REGULAR SEASON,E2008,LJU,BAS,0,0,0,0,0,0,17,10,11,19,10,3,7,5,3,2,6,3,11,2,5,5,62,28,36,55,9,26,55-74,29,64-74,9,21,44-53,22,44-62,2,21,3,24,6-4,51-72
2008_020,ROM-JOV,2,REGULAR SEASON,E2008,ROM,JOV,0,0,0,0,0,0,26,16,14,17,8,8,4,7,4,5,2,4,6,7,2,8,31,54,29,42,17,24,42-45,27,59-45,9,8,17-9,10,17-18,17,5,29,18,65-48,30-35
2008_021,ULK-BER,2,REGULAR SEASON,E2008,ULK,BER,0,0,0,0,0,0,23,15,7,22,9,3,7,8,3,3,2,3,10,5,3,10,41,41,33,40,7,8,14-13,9,21-13,9,11,25-18,14,25-27,11,4,37,2,76-65,0-4
2008_022,PAR-MAD,2,REGULAR SEASON,E2008,PAR,MAD,0,0,0,0,0,0,16,15,15,13,7,6,3,7,3,2,5,5,12,2,2,4,69,12,36,41,10,3,7-6,7,17-6,13,21,45-38,25,45-51,12,8,14,26,31-19,47-55
2008_023,MIL-IST,2,REGULAR SEASON,E2008,MIL,IST,0,0,0,0,0,0,15,10,15,23,12,2,17,2,7,2,10,0,5,3,8,2,53,18,63,18,8,36,58-72,38,66-72,8,11,20-20,13,20-28,3,19,2,26,6-3,39-58
2008_024,NIO-CSK,2,REGULAR SEASON,E2008,NIO,CSK,0,0,0,0,0,0,14,8,6,37,4,3,6,5,4,2,2,2,5,4,8,4,46,6,50,36,6,8,7-20,10,13-20,13,5,7-7,8,7-20,0,37,0,39,,49-86
2008_025,AVE-MAL,3,REGULAR SEASON,E2008,AVE,MAL,0,0,0,0,0,0,23,10,14,23,8,3,10,5,8,3,2,5,10,5,5,3,59,13,39,31,6,13,15-27,15,21-27,6,10,15-21,13,15-27,3,12,4,13,8-5,15-27
2008_026,CIB-OLY,3,REGULAR SEASON,E2008,CIB,OLY,0,0,0,0,0,0,22,10,7,22,9,2,5,7,5,1,1,4,8,5,6,6,57,28,33,43,9,11,15-20,14,24-20,9,8,14-9,10,14-18,17,5,22,11,46-29,15-20
2008_027,TEL-LEM,3,REGULAR SEASON,E2008,TEL,LEM,0,0,0,0,0,0,32,15,7,19,10,5,6,2,5,3,5,10,17,2,7,8,61,21,54,26,8,21,32-36,23,40-36,9,5,7-7,5,7-16,5,9,27,5,48-43,7-16
2008_028,NAN-PAN,3,REGULAR SEASON,E2008,NAN,PAN,0,0,0,0,0,0,22,19,7,26,10,8,6,9,7,2,5,3,9,0,9,9,61,9,55,25,8,23,39-50,26,47-50,8,6,14-13,9,14-21,4,11,3,16,8-4,24-35
2008_029,SIE-BAR,3,REGULAR SEASON,E2008,SIE,BAR,0,0,0,0,0,0,27,7,6,26,6,3,7,7,12,0,3,2,5,2,6,6,42,29,38,23,13,29,43-51,34,56-51,6,20,32-34,22,32-40,10,8,40,22,71-61,32-40
2008_030,SOP-ZAL,3,REGULAR SEASON,E2008,SOP,ZAL,0,0,0,0,0,0,24,7,15,24,14,3,16,5,5,7,7,4,7,4,8,2,44,21,43,17,12,7,7-12,13,19-12,7,5,7-5,7,7-12,9,5,23,7,37-28,7-12
2008_031,BAS-BER,3,REGULAR SEASON,E2008,BAS,BER,0,0,0,0,0,0,23,7,7,12,6,6,9,5,7,5,5,0,12,10,7,1,58,48,38,27,18,10,24-24,16,42-24,9,8,24-15,10,24-24,44,0,35,0,104-60,
2008_032,JOV-ULK,3,REGULAR SEASON,E2008,JOV,ULK,0,0,0,0,0,0,19,11,8,28,8,6,12,6,4,3,5,1,10,2,7,4,49,18,39,31,12,16,25-28,22,37-28,10,2,2-0,4,2-10,9,9,22,14,37-28,17-26
2008_033,LJU-ROM,3,REGULAR SEASON,E2008,LJU,ROM,0,0,0,0,0,0,22,9,10,22,11,3,3,5,4,1,1,2,3,6,4,8,38,29,33,45,8,23,32-48,26,40-48,8,10,16-18,11,16-26,3,18,2,17,3-0,24-42
2008_034,MAD-CSK,3,REGULAR SEASON,E2008,MAD,CSK,0,0,0,0,0,0,23,17,13,23,11,6,9,5,1,5,11,0,5,3,7,2,37,17,38,20,4,3,2-3,4,6-3,9,22,30-25,24,30-34,5,9,20,36,28-23,40-49
2008_035,IST-NIO,3,REGULAR SEASON,E2008,IST,NIO,0,0,0,0,0,0,24,4,15,23,9,7,9,3,6,3,9,0,5,6,9,3,39,30,68,10,11,31,47-62,36,58-62,19,20,35-33,27,35-52,3,18,16,27,25-22,36-54
2008_036,PAR-MIL,3,REGULAR SEASON,E2008,PAR,MIL,0,0,0,0,0,0,16,3,19,14,6,5,8,4,6,2,5,2,18,2,10,2,60,21,63,13,9,34,68-73,37,77-73,9,4,11-7,6,11-16,5,23,40,15,81-76,22-45
2008_037,AVE-LEM,4,REGULAR SEASON,E2008,AVE,LEM,0,0,0,0,0,0,24,5,10,12,11,5,8,4,6,5,10,5,9,1,6,0,54,24,62,11,7,30,60-57,32,67-57,8,39,78-65,40,78-73,13,4,39,2,78-65,2-6
2008_038,OLY-TEL,4,REGULAR SEASON,E2008,OLY,TEL,0,0,0,0,0,0,25,9,8,21,8,10,10,13,3,9,4,4,3,12,6,1,14,70,37,28,14,37,70-60,40,84-60,12,28,55-36,31,55-48,24,10,40,7,84-60,13-23
2008_039,MAL-CIB,4,REGULAR SEASON,E2008,MAL,CIB,0,0,0,0,0,0,21,6,11,18,8,7,12,6,2,2,6,4,8,11,6,0,41,36,25,42,8,12,20-21,14,28-21,6,20,42-28,23,42-34,14,0,18,0,40-26,
2008_040,NAN-ZAL,4,REGULAR SEASON,E2008,NAN,ZAL,0,0,0,0,0,0,24,8,14,28,13,5,12,9,7,3,6,5,7,2,12,6,58,11,43,21,13,25,45-42,30,58-42,8,34,62-47,37,62-55,16,3,30,1,58-42,0-3
2008_041,BAR-SOP,4,REGULAR SEASON,E2008,BAR,SOP,0,0,0,0,0,0,21,13,9,20,8,8,14,8,5,6,10,1,6,6,7,3,48,26,31,31,12,23,37-34,27,49-34,8,39,72-54,40,72-62,18,4,30,11,58-40,10-14
2008_042,PAN-SIE,4,REGULAR SEASON,E2008,PAN,SIE,0,0,0,0,0,0,25,10,12,13,11,8,10,4,5,6,7,4,10,8,13,3,38,43,44,32,12,30,53-55,33,65-55,10,33,65-55,35,65-65,12,5,13,26,31-19,46-51
2008_043,BAS-ROM,4,REGULAR SEASON,E2008,BAS,ROM,0,0,0,0,0,0,20,10,10,20,7,6,3,4,1,3,4,4,2,9,4,4,45,45,40,53,5,17,24-38,18,29-38,5,1,2-2,2,2-7,0,15,0,19,,32-47
2008_044,ULK-LJU,4,REGULAR SEASON,E2008,ULK,LJU,0,0,0,0,0,0,31,9,12,28,5,5,7,2,5,1,6,2,6,2,3,6,59,30,55,32,8,6,8-11,7,16-11,11,32,66-59,37,66-70,10,4,11,3,27-17,3-7
2008_045,BER-JOV,4,REGULAR SEASON,E2008,BER,JOV,0,0,0,0,0,0,27,13,9,18,12,3,7,6,4,4,5,4,8,3,6,4,48,26,50,22,8,1,0-2,3,8-2,6,17,36-31,18,36-37,6,5,3,29,8-2,56-61
2008_046,MAD-MIL,4,REGULAR SEASON,E2008,MAD,MIL,0,0,0,0,0,0,18,10,7,19,9,5,5,13,5,5,4,1,11,5,6,6,46,24,49,20,7,1,0-0,3,7-0,14,7,21-12,14,21-26,11,9,6,16,19-8,23-32
2008_047,NIO-PAR,4,REGULAR SEASON,E2008,NIO,PAR,0,0,0,0,0,0,16,9,11,23,6,3,12,2,5,4,5,1,9,1,9,1,58,14,52,15,9,19,33-35,21,42-35,16,13,29-13,17,29-29,16,2,13,1,29-13,0-2
2008_048,CSK-IST,4,REGULAR SEASON,E2008,CSK,IST,0,0,0,0,0,0,21,4,12,15,5,8,7,6,7,0,2,5,18,6,8,4,76,14,42,26,12,2,6-3,5,18-3,8,25,63-34,28,63-42,29,0,25,0,63-34,
2008_049,CIB-AVE,5,REGULAR SEASON,E2008,CIB,AVE,0,0,0,0,0,0,22,10,16,24,6,5,12,5,5,1,2,2,7,3,10,1,58,24,58,21,7,8,12-17,10,19-17,8,23,43-36,24,43-44,10,5,35,8,67-57,12-17
2008_050,TEL-MAL,5,REGULAR SEASON,E2008,TEL,MAL,0,0,0,0,0,0,26,8,13,19,8,9,5,3,3,5,7,10,14,2,14,4,47,26,61,19,14,13,22-38,17,36-38,11,29,61-59,32,61-70,4,16,3,13,12-8,22-38
2008_051,LEM-OLY,5,REGULAR SEASON,E2008,LEM,OLY,0,0,0,0,0,0,18,16,12,22,11,3,3,12,5,3,3,10,11,9,7,15,79,14,28,70,8,8,16-10,9,24-10,8,40,87-85,42,87-93,14,6,9,42,24-10,87-93
2008_052,SIE-NAN,5,REGULAR SEASON,E2008,SIE,NAN,0,0,0,0,0,0,26,8,12,27,5,5,15,6,16,4,5,3,12,4,6,3,58,28,21,42,10,17,35-26,20,45-26,6,29,65-44,31,65-50,24,0,38,0,82-58,
2008_053,SOP-PAN,5,REGULAR SEASON,E2008,SOP,PAN,0,0,0,0,0,0,22,17,11,18,10,7,5,9,4,1,4,8,5,4,3,4,42,18,21,46,8,30,37-47,32,45-47,8,17,24-30,21,24-38,2,14,9,21,16-14,24-38
2008_054,ZAL-BAR,5,REGULAR SEASON,E2008,ZAL,BAR,0,0,0,0,0,0,24,10,12,30,4,7,11,3,5,3,1,4,5,3,6,1,51,9,60,15,8,35,52-73,38,60-73,7,5,5-10,6,5-17,0,21,0,35,,52-73
2008_055,JOV-BAS,5,REGULAR SEASON,E2008,JOV,BAS,0,0,0,0,0,0,21,12,17,17,7,4,13,2,5,6,4,1,10,6,15,1,49,56,68,32,14,14,25-34,18,39-34,10,31,88-69,33,88-79,19,11,31,9,88-69,12-23
2008_056,LJU-BER,5,REGULAR SEASON,E2008,LJU,BER,0,0,0,0,0,0,19,7,9,22,6,6,12,2,3,4,3,2,6,3,6,2,44,33,34,35,11,22,43-37,26,54-37,7,20,43-30,22,43-37,17,0,26,0,54-37,
2008_057,ROM-ULK,5,REGULAR SEASON,E2008,ROM,ULK,0,0,0,0,0,0,29,14,13,21,8,6,11,5,5,5,6,0,10,5,3,6,54,22,32,35,10,3,2-8,7,12-8,8,1,2-0,3,2-8,14,6,32,3,61-47,2-8
2008_058,IST-MAD,5,REGULAR SEASON,E2008,IST,MAD,0,0,0,0,0,0,12,9,8,19,9,7,12,6,10,4,4,4,4,4,14,8,52,29,73,22,6,14,21-29,16,27-29,8,7,11-13,9,11-21,2,18,2,39,2-0,75-93
2008_059,PAR-CSK,5,REGULAR SEASON,E2008,PAR,CSK,0,0,0,0,0,0,24,7,21,22,8,7,5,3,3,2,1,5,6,4,4,3,30,32,29,34,7,19,26-34,21,33-34,8,31,54-52,36,54-60,4,8,2,17,4-0,21-29
2008_060,MIL-NIO,5,REGULAR SEASON,E2008,MIL,NIO,0,0,0,0,0,0,16,11,9,19,6,4,11,4,9,2,3,0,7,4,7,2,62,15,62,11,11,27,51-56,30,62-56,10,30,62-56,33,62-66,6,10,30,14,62-56,20-30
2008_061,OLY-AVE,6,REGULAR SEASON,E2008,OLY,AVE,0,0,0,0,0,0,27,9,9,18,4,9,8,7,2,1,2,2,8,7,8,0,56,35,48,18,12,18,36-25,23,48-25,7,3,5-2,4,5-9,36,4,31,4,76-40,5-9
2008_062,LEM-MAL,6,REGULAR SEASON,E2008,LEM,MAL,0,0,0,0,0,0,19,8,14,27,17,3,12,4,5,3,11,3,7,7,11,12,38,17,44,43,7,34,44-77,37,51-77,11,31,42-58,33,42-69,0,33,0,34,,44-77
2008_063,TEL-CIB,6,REGULAR SEASON,E2008,TEL,CIB,0,0,0,0,0,0,27,10,9,21,6,6,9,2,4,6,5,7,9,8,7,5,50,38,51,32,8,1,1-3,4,9-3,11,28,69-62,32,69-73,12,4,8,32,24-12,69-73
2008_064,BAR-NAN,6,REGULAR SEASON,E2008,BAR,NAN,0,0,0,0,0,0,27,12,3,23,9,3,15,5,5,6,7,2,11,5,6,1,47,44,51,17,12,29,55-51,31,67-51,8,22,49-41,24,49-49,27,4,39,1,89-62,0-4
2008_065,ZAL-PAN,6,REGULAR SEASON,E2008,ZAL,PAN,0,0,0,0,0,0,17,6,10,24,10,3,7,8,4,0,4,3,8,7,10,7,48,21,36,44,8,38,58-78,39,66-78,9,17,24-31,20,24-40,3,23,5,34,9-6,49-72
2008_066,SOP-SIE,6,REGULAR SEASON,E2008,SOP,SIE,0,0,0,0,0,0,26,11,8,26,9,7,6,4,6,1,6,4,9,3,6,4,46,25,51,32,6,19,22-38,20,28-38,8,5,6-5,8,6-13,1,18,3,33,4-3,52-70
2008_067,ULK-BAS,6,REGULAR SEASON,E2008,ULK,BAS,0,0,0,0,0,0,16,3,11,31,6,5,10,4,4,5,5,2,4,4,14,3,29,40,56,25,8,13,23-24,16,31-24,13,23,43-35,27,43-48,9,12,18,40,35-26,69-81
2008_068,ROM-BER,6,REGULAR SEASON,E2008,ROM,BER,0,0,0,0,0,0,25,3,4,16,12,6,9,4,8,3,8,2,6,5,2,6,48,22,41,23,9,29,45-43,32,54-43,9,12,21-16,16,21-25,11,4,32,16,54-43,21-25
2008_069,LJU-JOV,6,REGULAR SEASON,E2008,LJU,JOV,0,0,0,0,0,0,16,12,13,21,15,6,7,8,6,5,4,7,4,3,3,7,31,34,40,46,12,35,47-74,37,59-74,9,20,31-38,22,31-47,2,27,11,35,16-14,47-74
2008_070,NIO-MAD,6,REGULAR SEASON,E2008,NIO,MAD,0,0,0,0,0,0,19,15,7,21,12,2,8,9,5,5,3,2,5,7,8,4,42,26,47,19,13,9,9-13,12,22-13,16,30,60-42,36,60-58,28,8,25,6,55-27,2-10
2008_071,MIL-CSK,6,REGULAR SEASON,E2008,MIL,CSK,0,0,0,0,0,0,12,6,4,22,4,6,7,7,6,5,1,1,5,5,9,5,46,34,53,26,7,19,26-43,23,33-43,11,4,5-10,8,5-21,3,20,38,15,73-70,14-34
2008_072,PAR-IST,6,REGULAR SEASON,E2008,PAR,IST,0,0,0,0,0,0,21,8,8,15,9,8,7,5,2,3,5,5,9,7,7,3,38,45,45,32,11,21,40-38,24,51-38,7,38,75-63,39,75-70,14,2,34,1,69-55,0-2
2008_073,AVE-TEL,7,REGULAR SEASON,E2008,AVE,TEL,0,0,0,0,0,0,29,8,6,34,8,9,5,7,4,2,4,6,6,1,3,4,49,23,61,25,4,9,16-22,9,20-22,7,1,3-0,2,3-7,3,14,1,27,3-0,47-61
2008_074,CIB-LEM,7,REGULAR SEASON,E2008,CIB,LEM,0,0,0,0,0,0,17,10,4,13,6,9,11,7,4,5,4,1,9,2,9,3,60,29,50,20,9,24,52-47,25,61-47,5,7,17-11,9,17-16,22,3,37,15,84-62,29-32
2008_075,MAL-OLY,7,REGULAR SEASON,E2008,MAL,OLY,0,0,0,0,0,0,23,13,9,23,9,5,12,4,4,1,3,5,8,0,6,6,35,25,27,29,7,31,46-46,34,53-46,9,12,19-22,18,19-31,7,12,34,18,53-46,19-31
2008_076,NAN-SOP,7,REGULAR SEASON,E2008,NAN,SOP,0,0,0,0,0,0,29,5,16,30,9,4,11,8,11,0,4,1,11,3,7,6,53,25,39,31,8,1,4-4,4,12-4,12,23,51-38,28,51-50,13,2,23,38,51-38,67-69
2008_077,SIE-ZAL,7,REGULAR SEASON,E2008,SIE,ZAL,0,0,0,0,0,0,19,10,12,16,8,5,9,3,6,4,10,2,12,8,10,3,61,39,72,21,10,9,18-19,11,28-19,10,39,98-83,40,98-93,18,0,22,0,62-44,
2008_078,PAN-BAR,7,REGULAR SEASON,E2008,PAN,BAR,0,0,0,0,0,0,19,10,6,22,8,6,4,6,4,4,1,5,6,6,17,6,40,36,45,42,8,20,34-49,21,42-49,7,7,12-15,9,12-22,0,20,0,17,,24-44
2008_079,BAS-LJU,7,REGULAR SEASON,E2008,BAS,LJU,0,0,0,0,0,0,22,13,15,23,5,5,17,6,5,10,2,3,9,8,10,2,44,57,49,20,13,8,16-27,13,29-27,6,29,72-44,30,72-50,32,11,40,8,101-69,16-27
2008_080,JOV-ROM,7,REGULAR SEASON,E2008,JOV,ROM,0,0,0,0,0,0,16,14,9,25,3,8,12,10,4,8,3,3,11,9,10,7,58,39,65,28,10,22,50-51,24,60-51,8,37,91-77,39,91-85,15,3,27,7,71-56,15-18
2008_081,BER-ULK,7,REGULAR SEASON,E2008,BER,ULK,0,0,0,0,0,0,21,16,9,22,5,5,7,7,9,0,2,0,9,5,6,3,54,18,34,29,9,34,56-52,37,65-52,8,6,9-11,10,9-19,14,10,38,10,69-55,9-19
2008_082,MAD-PAR,7,REGULAR SEASON,E2008,MAD,PAR,0,0,0,0,0,0,22,8,9,26,3,6,11,6,6,4,3,1,8,5,5,8,42,26,19,48,8,4,6-4,7,14-4,7,27,47-37,29,47-44,18,2,14,38,29-11,59-61
2008_083,IST-MIL,7,REGULAR SEASON,E2008,IST,MIL,0,0,0,0,0,0,19,8,10,21,9,1,2,11,5,7,5,3,9,6,6,11,53,21,29,38,7,8,21-16,10,28-16,11,10,28-16,13,28-27,12,5,10,28,28-16,44-49
2008_084,CSK-NIO,7,REGULAR SEASON,E2008,CSK,NIO,0,0,0,0,0,0,14,10,10,12,8,4,11,10,6,8,3,3,20,7,0,5,65,28,44,17,8,2,2-5,4,10-5,7,33,78-44,35,78-51,34,3,33,2,78-44,2-5
2008_085,MAL-AVE,8,REGULAR SEASON,E2008,MAL,AVE,0,0,0,0,0,0,29,16,10,25,4,3,6,5,5,2,3,1,11,6,6,6,47,25,44,24,8,5,10-10,9,18-10,6,13,26-19,15,26-25,8,6,9,28,18-10,45-51
2008_086,OLY-CIB,8,REGULAR SEASON,E2008,OLY,CIB,0,0,0,0,0,0,28,7,7,16,6,12,11,8,2,10,5,7,15,10,5,1,43,50,41,23,13,10,20-22,15,33-22,6,29,77-45,31,77-51,33,3,39,9,93-60,17-20
2008_087,LEM-TEL,8,REGULAR SEASON,E2008,LEM,TEL,0,0,0,0,0,0,22,5,16,31,8,2,7,3,3,0,3,2,10,3,14,3,59,14,76,11,6,13,21-32,14,27-32,8,14,27-32,16,27-40,1,18,2,25,5-4,40-58
2008_088,PAN-NAN,8,REGULAR SEASON,E2008,PAN,NAN,0,0,0,0,0,0,26,16,7,21,6,7,14,4,5,7,7,0,9,7,9,1,47,36,50,19,11,13,21-22,17,32-22,5,13,21-17,13,21-22,16,3,40,2,83-67,2-5
2008_089,BAR-SIE,8,REGULAR SEASON,E2008,BAR,SIE,0,0,0,0,0,0,29,8,8,22,8,6,10,7,5,7,5,4,11,7,5,3,48,39,36,25,15,1,0-0,7,15-0,6,24,60-33,27,60-39,34,0,33,0,77-43,
2008_090,ZAL-SOP,8,REGULAR SEASON,E2008,ZAL,SOP,0,0,0,0,0,0,31,18,7,29,12,0,8,4,6,2,3,5,10,1,2,4,71,8,29,39,12,30,57-54,34,69-54,12,10,23-14,14,23-26,19,3,38,14,79-60,23-26
2008_091,BER-BAS,8,REGULAR SEASON,E2008,BER,BAS,0,0,0,0,0,0,27,7,3,24,8,7,10,3,5,3,7,1,6,4,8,3,41,27,60,13,10,33,56-65,38,66-65,7,1,3-3,2,3-10,2,9,5,33,14-12,56-65
2008_092,ULK-JOV,8,REGULAR SEASON,E2008,ULK,JOV,0,0,0,0,0,0,29,9,9,18,5,7,10,6,6,5,5,1,8,8,4,7,38,51,30,33,12,26,55-43,30,67-43,8,25,55-35,26,55-43,27,2,35,2,81-54,2-4
2008_093,ROM-LJU,8,REGULAR SEASON,E2008,ROM,LJU,0,0,0,0,0,0,32,18,10,20,10,13,7,8,9,4,6,4,2,6,5,4,32,42,38,31,8,1,0-0,3,8-0,7,4,10-1,6,10-8,10,2,25,38,43-33,58-60
2008_094,CSK-MAD,8,REGULAR SEASON,E2008,CSK,MAD,0,0,0,0,0,0,19,10,7,21,5,2,2,3,2,1,1,3,11,5,7,4,48,30,29,53,8,22,45-46,24,53-46,10,31,67-59,36,67-69,10,9,14,39,35-25,72-81
2008_095,NIO-IST,8,REGULAR SEASON,E2008,NIO,IST,0,0,0,0,0,0,18,3,10,26,8,9,10,7,8,6,5,5,11,8,14,2,31,33,50,28,8,19,19-37,20,27-37,9,30,52-57,34,52-66,0,18,0,19,,19-37
2008_096,MIL-PAR,8,REGULAR SEASON,E2008,MIL,PAR,0,0,0,0,0,0,27,6,15,23,6,7,5,10,3,7,3,4,4,3,2,1,37,36,28,31,8,27,49-40,30,57-40,7,14,30-20,15,30-27,19,0,36,0,63-44,
2008_097,LEM-AVE,9,REGULAR SEASON,E2008,LEM,AVE,0,0,0,0,0,0,25,7,9,17,11,3,7,6,3,2,4,4,10,4,4,10,72,20,51,37,10,3,6-3,4,16-3,11,36,84-68,39,84-79,22,0,30,0,73-51,
2008_098,TEL-OLY,9,REGULAR SEASON,E2008,TEL,OLY,0,0,0,0,0,0,21,6,16,22,4,5,5,8,4,7,3,6,13,5,5,9,66,30,40,43,11,20,47-45,23,58-45,6,17,43-33,18,43-39,16,0,28,0,72-56,
2008_099,CIB-MAL,9,REGULAR SEASON,E2008,CIB,MAL,0,0,0,0,0,0,21,11,17,25,10,6,12,8,7,5,5,3,8,3,5,3,54,22,43,34,10,13,26-28,16,36-28,14,31,62-55,35,62-69,10,7,20,35,44-34,62-69
2008_100,ZAL-NAN,9,REGULAR SEASON,E2008,ZAL,NAN,0,0,0,0,0,0,25,8,20,24,12,1,7,1,3,0,3,3,11,3,9,0,74,31,73,21,8,38,76-78,39,84-78,12,6,17-9,9,17-21,12,6,40,14,103-91,23-29
2008_101,SOP-BAR,9,REGULAR SEASON,E2008,SOP,BAR,0,0,0,0,0,0,26,12,8,31,5,6,7,6,6,1,4,1,7,2,8,8,40,24,29,47,11,20,33-40,24,44-40,18,12,25-15,18,25-33,10,17,12,39,25-15,59-76
2008_102,SIE-PAN,9,REGULAR SEASON,E2008,SIE,PAN,0,0,0,0,0,0,17,6,11,22,17,5,17,10,14,6,9,4,9,0,8,5,51,31,57,20,8,23,45-46,25,53-46,8,1,2-0,5,2-8,8,6,18,5,39-31,2-8
2008_103,ROM-BAS,9,REGULAR SEASON,E2008,ROM,BAS,0,0,0,0,0,0,29,7,10,36,5,4,10,3,8,4,4,1,6,6,8,3,62,34,76,27,9,35,70-81,38,79-81,12,10,25-17,13,25-29,8,11,10,35,25-17,70-81
2008_104,LJU-ULK,9,REGULAR SEASON,E2008,LJU,ULK,0,0,0,0,0,0,16,7,12,17,10,6,5,5,2,2,7,3,5,2,3,3,44,26,59,31,8,14,30-36,17,38-36,13,35,68-77,40,68-90,4,22,11,40,28-24,68-90
2008_105,JOV-BER,9,REGULAR SEASON,E2008,JOV,BER,0,0,0,0,0,0,20,7,9,25,6,4,3,13,4,7,6,2,5,10,10,8,49,26,51,28,10,7,13-16,10,23-16,10,20,41-35,23,41-45,9,9,19,29,40-31,54-63
2008_106,MIL-MAD,9,REGULAR SEASON,E2008,MIL,MAD,0,0,0,0,0,0,22,15,10,20,13,5,8,9,7,5,1,5,7,3,1,5,23,47,21,40,12,30,46-53,35,58-53,13,8,13-9,11,13-22,9,10,40,12,70-61,15-25
2008_107,PAR-NIO,9,REGULAR SEASON,E2008,PAR,NIO,0,0,0,0,0,0,23,4,18,14,10,9,8,8,5,2,3,2,12,3,5,1,47,33,36,21,20,3,2-7,8,22-7,10,10,30-9,13,30-19,26,5,40,3,80-54,2-7
2008_108,IST-CSK,9,REGULAR SEASON,E2008,IST,CSK,0,0,0,0,0,0,18,4,3,23,5,8,8,3,7,1,6,3,0,2,8,8,31,24,60,14,9,16,22-29,19,31-29,10,34,48-60,38,48-70,2,22,1,38,2-0,48-70
2008_109,AVE-CIB,10,REGULAR SEASON,E2008,AVE,CIB,0,0,0,0,0,0,22,12,15,21,10,6,12,4,6,1,1,4,7,5,6,2,41,38,53,22,6,9,13-18,12,19-18,8,20,41-36,24,41-44,5,5,2,9,5-0,13-18
2008_110,MAL-TEL,10,REGULAR SEASON,E2008,MAL,TEL,0,0,0,0,0,0,25,13,16,24,4,6,12,6,2,8,3,5,13,5,7,6,46,46,45,24,12,3,3-2,5,15-2,5,14,34-18,14,34-23,25,0,39,0,92-67,
2008_111,OLY-LEM,10,REGULAR SEASON,E2008,OLY,LEM,0,0,0,0,0,0,17,11,4,26,6,11,11,8,2,8,2,4,9,4,6,4,34,34,60,18,12,12,14-20,14,26-20,8,14,26-20,18,26-28,6,12,14,37,26-20,58-70
2008_112,NAN-SIE,10,REGULAR SEASON,E2008,NAN,SIE,0,0,0,0,0,0,24,10,17,23,11,6,8,2,6,1,7,5,10,5,14,6,43,36,59,44,15,37,64-103,40,79-103,12,1,4-0,3,4-12,4,39,1,37,4-0,64-103
2008_113,PAN-SOP,10,REGULAR SEASON,E2008,PAN,SOP,0,0,0,0,0,0,30,12,8,26,8,5,12,6,4,6,4,1,2,16,4,6,15,60,25,28,11,5,3-7,8,14-7,5,23,44-27,24,44-32,25,4,37,5,69-44,3-7
2008_114,BAR-ZAL,10,REGULAR SEASON,E2008,BAR,ZAL,0,0,0,0,0,0,27,9,8,22,4,6,11,6,5,5,7,1,6,9,10,2,37,53,50,18,7,25,58-45,27,65-45,7,29,71-47,33,71-54,25,8,38,3,86-61,2-10
2008_115,BAS-JOV,10,REGULAR SEASON,E2008,BAS,JOV,0,0,0,0,0,0,29,12,16,30,3,8,6,8,6,5,2,4,7,4,8,5,53,38,29,54,17,19,39-51,24,56-51,10,15,32-35,17,32-45,14,13,38,17,87-73,32-45
2008_116,BER-LJU,10,REGULAR SEASON,E2008,BER,LJU,0,0,16,10,4,8,15,8,6,22,9,5,7,12,2,4,3,5,2,11,10,4,37,22,33,34,10,3,2-3,5,12-3,6,5,12-3,8,12-9,9,9,5,34,12-3,47-56
2008_117,ULK-ROM,10,REGULAR SEASON,E2008,ULK,ROM,0,0,0,0,0,0,27,9,7,22,13,7,8,5,6,1,9,5,6,6,3,4,27,63,42,44,11,42,76-78,44,87-78,12,21,38-31,24,38-43,9,6,16,32,29-20,53-59
2008_118,MAD-IST,10,REGULAR SEASON,E2008,MAD,IST,0,0,0,0,0,0,23,11,14,17,5,8,9,3,4,1,3,3,7,15,14,2,38,42,43,26,11,16,26-27,21,37-27,6,34,67-51,36,67-57,17,5,29,4,56-39,2-7
2008_119,CSK-PAR,10,REGULAR SEASON,E2008,CSK,PAR,0,0,0,0,0,0,21,9,8,26,4,5,9,5,3,2,3,2,10,2,12,2,43,20,46,20,9,24,36-37,29,45-37,9,29,45-37,31,45-46,8,8,29,6,45-37,5-13
2008_120,NIO-MIL,10,REGULAR SEASON,E2008,NIO,MIL,0,0,0,0,0,0,17,7,5,22,5,6,11,6,2,6,4,3,6,7,8,4,62,15,73,14,13,21,42-45,24,55-45,13,6,11-7,9,11-20,10,14,24,36,55-45,62-76
2008_121,BAS-SOP,11,TOP 16,E2008,BAS,SOP,0,0,0,0,0,0,33,13,12,19,10,5,4,5,1,1,7,7,12,9,6,2,68,31,52,25,15,3,6-5,5,21-5,7,20,51-39,23,51-46,24,0,39,0,95-71,
2008_122,MIL-OLY,11,TOP 16,E2008,MIL,OLY,0,0,0,0,0,0,25,10,11,22,12,8,5,6,2,0,4,8,5,3,8,9,66,10,50,24,11,10,20-20,13,31-20,8,29,62-49,32,62-57,16,0,27,0,61-45,
2008_123,MAD-BAR,11,TOP 16,E2008,MAD,BAR,0,0,0,0,0,0,21,10,6,19,11,6,10,6,6,7,8,1,5,6,10,6,49,36,48,35,9,33,62-72,35,71-72,9,4,5-8,6,5-17,3,12,39,6,81-78,5-17
2008_124,TEL-BER,11,TOP 16,E2008,TEL,BER,0,0,0,0,0,0,30,6,9,16,10,4,5,9,5,9,8,5,17,6,5,5,74,22,39,26,10,12,27-22,14,37-22,6,1,2-0,2,2-6,31,5,38,3,94-63,4-9
2008_125,PAN-PAR,11,TOP 16,E2008,PAN,PAR,0,0,0,0,0,0,18,12,11,16,7,3,9,9,4,2,4,1,6,3,8,2,51,30,31,32,8,35,66-57,37,74-57,6,7,14-14,8,14-20,20,7,39,4,81-61,4-11
2008_126,ROM-MAL,11,TOP 16,E2008,ROM,MAL,0,0,0,0,0,0,20,15,18,27,4,8,9,11,6,5,3,5,9,2,9,4,42,33,56,32,8,35,65-78,37,73-78,11,7,14-18,11,14-29,2,20,2,27,7-5,48-68
2008_127,CIB-SIE,11,TOP 16,E2008,CIB,SIE,0,0,0,0,0,0,25,6,8,19,8,9,10,6,5,2,5,1,9,2,10,1,62,26,49,32,9,18,32-44,22,41-44,9,14,30-31,17,30-40,9,12,40,18,88-79,32-44
2008_128,ULK-CSK,11,TOP 16,E2008,ULK,CSK,0,0,0,0,0,0,16,12,15,21,4,7,9,4,8,1,6,1,5,5,10,5,18,30,46,20,9,21,25-43,28,34-43,11,12,16-23,15,16-34,0,19,0,34,,40-59
2008_129,OLY-BAS,12,TOP 16,E2008,OLY,BAS,0,0,0,0,0,0,24,7,12,20,7,7,8,4,1,4,7,1,9,8,6,3,55,18,59,11,10,31,56-60,35,66-60,10,6,13-8,8,13-18,6,11,35,13,66-60,20-31
2008_130,SOP-MIL,12,TOP 16,E2008,SOP,MIL,0,0,0,0,0,0,32,13,9,19,19,5,9,0,2,2,12,2,8,0,8,1,38,22,54,8,14,29,42-53,33,56-53,9,6,13-8,7,13-17,8,11,3,29,10-2,42-53
2008_131,BER-MAD,12,TOP 16,E2008,BER,MAD,0,0,0,0,0,0,18,16,7,20,5,4,6,5,5,4,2,0,11,8,7,2,37,47,55,32,13,11,26-22,15,39-22,10,36,81-71,39,81-81,19,4,18,40,48-29,83-87
2008_132,BAR-TEL,12,TOP 16,E2008,BAR,TEL,0,0,0,0,0,0,21,10,14,20,4,7,7,5,2,4,4,4,7,8,8,4,31,54,51,14,8,31,61-49,33,69-49,8,17,39-27,21,39-35,23,2,38,1,81-58,0-2
2008_133,MAL-PAN,12,TOP 16,E2008,MAL,PAN,0,0,0,0,0,0,18,8,5,20,6,7,5,6,2,3,5,3,2,7,6,11,38,31,51,30,13,6,6-13,10,19-13,11,1,3-0,4,3-11,6,13,10,38,19-13,63-76
2008_134,PAR-ROM,12,TOP 16,E2008,PAR,ROM,0,0,0,0,0,0,28,9,4,18,12,6,2,7,4,0,6,2,12,1,9,3,42,42,41,35,7,5,8-10,6,15-10,8,12,29-18,14,29-26,16,3,34,3,76-60,3-6
2008_135,CSK-CIB,12,TOP 16,E2008,CSK,CIB,0,0,0,0,0,0,21,6,12,17,9,1,6,5,4,0,3,3,9,4,5,4,56,31,31,30,12,27,56-49,32,68-49,6,17,39-19,18,39-25,26,0,40,0,87-61,
2008_136,SIE-ULK,12,TOP 16,E2008,SIE,ULK,0,0,0,0,0,0,23,6,5,24,9,9,13,7,12,5,7,8,11,3,7,5,59,28,45,34,11,7,14-13,10,25-13,7,32,79-56,34,79-63,24,5,32,2,77-53,0-5
2008_137,SOP-OLY,13,TOP 16,E2008,SOP,OLY,0,0,0,0,0,0,14,6,6,33,8,3,11,8,8,3,5,2,7,5,13,9,46,22,50,43,7,3,4-6,4,11-6,8,17,30-39,20,30-47,5,25,4,34,11-6,56-81
2008_138,BAS-MIL,13,TOP 16,E2008,BAS,MIL,0,0,0,0,0,0,24,11,9,17,3,4,6,2,2,1,2,2,17,8,8,5,72,36,53,37,9,15,36-38,17,45-38,9,30,86-62,32,86-71,24,4,30,2,86-62,2-6
2008_139,BAR-BER,13,TOP 16,E2008,BAR,BER,0,0,0,0,0,0,21,10,12,17,9,3,4,11,7,0,4,4,14,5,4,8,61,24,35,34,17,22,41-40,29,58-40,6,6,17-9,9,17-15,19,5,32,16,64-45,26-31
2008_140,MAD-TEL,13,TOP 16,E2008,MAD,TEL,0,0,0,0,0,0,20,6,10,22,4,4,9,8,7,3,2,1,11,5,9,4,66,32,47,32,7,1,0-2,2,7-2,7,4,9-6,6,9-13,19,5,40,7,98-79,11-16
2008_141,PAR-MAL,13,TOP 16,E2008,PAR,MAL,0,0,0,0,0,0,30,7,15,27,12,4,7,11,7,3,6,2,5,1,3,4,38,22,30,29,16,18,18-26,22,34-26,11,22,34-26,26,34-37,8,8,22,18,34-26,18-26
2008_142,PAN-ROM,13,TOP 16,E2008,PAN,ROM,0,0,0,0,0,0,25,14,10,14,4,14,8,5,6,2,9,3,7,9,9,5,40,52,43,24,13,23,48-43,28,61-43,5,4,11-8,5,11-13,25,5,40,11,92-67,22-27
2008_143,SIE-CSK,13,TOP 16,E2008,SIE,CSK,0,0,0,0,0,0,22,8,11,15,13,7,11,7,11,2,10,4,3,4,5,1,47,27,31,25,8,8,5-10,11,13-10,6,24,36-24,26,36-30,23,6,38,6,72-49,2-8
2008_144,CIB-ULK,13,TOP 16,E2008,CIB,ULK,0,0,0,0,0,0,22,4,6,24,12,3,7,7,4,2,6,3,5,0,5,3,27,28,56,9,9,12,12-12,14,21-12,11,36,53-53,39,53-64,11,11,19,39,27-16,53-64
2008_145,OLY-SOP,14,TOP 16,E2008,OLY,SOP,0,0,0,0,0,0,26,10,16,19,11,11,18,2,5,6,17,1,9,9,4,2,53,31,61,10,11,12,26-26,15,37-26,8,8,20-11,9,20-19,16,2,32,1,73-57,0-2
2008_146,MIL-BAS,14,TOP 16,E2008,MIL,BAS,0,0,0,0,0,0,13,3,12,28,11,5,9,7,4,2,5,2,10,1,14,4,55,19,63,44,7,27,49-77,29,56-77,10,2,3-5,4,3-15,0,38,0,38,,66-104
2008_147,BER-BAR,14,TOP 16,E2008,BER,BAR,0,0,0,0,0,0,18,7,3,27,5,8,5,12,9,3,4,2,5,4,13,4,38,19,45,30,9,38,45-73,39,54-73,14,7,10-11,14,10-25,0,28,0,36,,43-71
2008_148,TEL-MAD,14,TOP 16,E2008,TEL,MAD,0,0,0,0,0,0,22,16,10,25,6,4,11,4,9,6,5,5,6,6,9,6,45,24,60,13,8,14,23-39,17,31-39,12,1,2-0,4,2-12,0,16,0,14,,23-39
2008_149,MAL-PAR,14,TOP 16,E2008,MAL,PAR,0,0,0,0,0,0,28,13,5,22,10,10,11,6,8,0,0,4,13,4,13,4,34,40,33,45,10,25,46-45,28,56-45,9,41,66-65,42,66-74,11,9,28,43,56-45,67-76
2008_150,ROM-PAN,14,TOP 16,E2008,ROM,PAN,0,0,0,0,0,0,22,6,15,24,6,8,5,6,2,1,2,3,9,2,7,6,40,31,44,46,9,5,4-9,7,13-9,10,33,65-72,37,65-82,5,19,8,40,16-11,71-90
2008_151,CSK-SIE,14,TOP 16,E2008,CSK,SIE,0,0,0,0,0,0,25,2,9,20,8,1,2,5,2,1,3,0,12,7,8,2,81,14,54,17,11,29,71-55,32,82-55,7,3,6-5,5,6-12,27,6,32,5,82-55,6-12
2008_152,ULK-CIB,14,TOP 16,E2008,ULK,CIB,0,0,0,0,0,0,16,3,15,29,7,8,10,7,8,7,8,2,8,8,9,4,36,28,57,29,8,24,31-58,26,39-58,12,14,23-35,19,23-47,2,27,4,23,8-6,29-56
2008_153,SOP-BAS,15,TOP 16,E2008,SOP,BAS,0,0,0,0,0,0,20,7,17,23,6,6,6,5,7,0,1,2,8,2,11,7,35,37,55,37,6,34,57-79,35,63-79,12,26,53-57,31,53-69,5,23,9,39,19-14,67-90
2008_154,OLY-MIL,15,TOP 16,E2008,OLY,MIL,0,0,0,0,0,0,23,15,10,19,5,2,7,5,6,2,4,1,7,9,4,0,62,22,69,12,7,6,13-13,8,20-13,5,17,36-31,18,36-36,9,2,36,26,73-64,53-55
2008_155,BAR-MAD,15,TOP 16,E2008,BAR,MAD,0,0,0,0,0,0,17,19,8,16,7,5,11,7,7,3,4,3,13,6,8,5,56,34,33,46,7,23,57-47,26,64-47,8,35,86-62,37,86-70,25,0,34,0,84-59,
2008_156,BER-TEL,15,TOP 16,E2008,BER,TEL,0,0,0,0,0,0,28,13,10,22,4,10,4,2,2,0,6,4,5,7,9,1,37,33,63,13,7,36,57-67,38,64-67,15,23,40-34,26,40-49,6,10,22,36,38-32,57-67
2008_157,PAR-PAN,15,TOP 16,E2008,PAR,PAN,0,0,0,0,0,0,30,12,8,22,10,11,6,8,0,2,7,2,4,7,2,3,33,30,41,15,10,27,35-40,32,45-40,10,13,17-17,16,17-27,13,10,36,16,57-44,17-27
2008_158,MAL-ROM,15,TOP 16,E2008,MAL,ROM,0,0,0,0,0,0,33,13,12,22,5,7,10,3,5,1,4,2,9,7,3,5,65,34,35,29,16,16,44-30,22,60-30,6,15,44-24,16,44-30,39,0,35,0,88-49,
2008_159,SIE-CIB,15,TOP 16,E2008,SIE,CIB,0,0,0,0,0,0,23,11,8,18,7,6,11,6,7,6,7,4,6,4,8,5,63,23,41,29,8,34,64-57,36,72-57,10,25,57-39,31,57-49,18,0,23,0,52-34,
2008_160,CSK-ULK,15,TOP 16,E2008,CSK,ULK,0,0,0,0,0,0,25,9,10,21,7,1,6,6,1,3,2,3,10,5,4,9,52,25,36,24,12,4,13-10,9,25-10,9,10,27-13,14,27-22,17,2,40,2,77-60,3-5
2008_161,BAS-OLY,16,TOP 16,E2008,BAS,OLY,0,0,0,0,0,0,20,9,9,21,6,8,4,7,4,2,3,6,8,5,8,6,48,32,62,26,11,23,41-58,25,52-58,8,2,7-2,5,7-10,5,17,2,23,7-2,41-58
2008_162,MIL-SOP,16,TOP 16,E2008,MIL,SOP,0,0,0,0,0,0,14,14,9,26,5,8,1,10,0,4,3,2,8,5,8,8,30,42,42,54,9,18,29-54,20,38-54,13,13,24-37,16,24-50,2,26,1,16,3-1,24-50
2008_163,MAD-BER,16,TOP 16,E2008,MAD,BER,0,0,0,0,0,0,21,10,6,27,4,1,7,6,3,3,2,2,11,8,9,4,45,38,33,49,9,5,6-11,9,15-11,10,36,73-70,37,73-80,5,7,32,37,68-63,73-80
2008_164,TEL-BAR,16,TOP 16,E2008,TEL,BAR,0,0,0,0,0,0,20,14,14,21,11,2,4,5,4,5,7,6,10,2,14,7,56,18,55,35,7,5,9-13,8,16-13,8,28,55-60,32,55-68,5,18,10,39,22-17,72-90
2008_165,PAN-MAL,16,TOP 16,E2008,PAN,MAL,0,0,0,0,0,0,25,10,12,25,8,4,7,10,11,5,1,4,10,8,9,6,58,45,22,73,11,22,51-40,24,62-40,14,26,65-45,30,65-59,22,3,24,2,62-40,0-3
2008_166,ROM-PAR,16,TOP 16,E2008,ROM,PAR,0,0,0,0,0,0,21,17,8,22,9,4,8,10,7,6,3,2,9,4,3,2,62,26,31,41,9,11,29-25,15,38-25,7,1,2-0,3,2-7,23,6,39,4,88-65,6-12
2008_167,CIB-CSK,16,TOP 16,E2008,CIB,CSK,0,0,0,0,0,0,22,3,8,24,9,5,8,2,2,2,5,0,5,6,10,5,35,28,48,25,8,18,22-39,19,30-39,11,9,11-14,12,11-25,1,17,3,18,5-4,22-39
2008_168,ULK-SIE,16,TOP 16,E2008,ULK,SIE,0,0,0,0,0,0,30,8,15,17,15,4,6,5,7,2,13,3,5,12,6,6,27,41,60,13,8,24,44-51,26,52-51,9,1,0-0,3,0-9,6,11,30,6,63-57,5-16
2008_169,OLY-MAD,17,PLAY OFF,E2008,OLY,MAD,0,0,0,0,0,0,19,10,6,22,8,3,12,2,3,3,6,3,9,16,3,4,39,49,53,26,7,1,0-0,2,7-0,22,17,46-28,23,46-50,18,8,17,25,46-28,47-55
2008_170,BAR-BAS,17,PLAY OFF,E2008,BAR,BAS,0,0,0,0,0,0,23,10,8,23,3,5,8,1,4,2,4,1,2,5,12,5,25,50,59,25,11,25,42-59,28,53-59,9,10,18-24,12,18-33,0,17,0,25,,42-59
2008_171,PAN-SIE,17,PLAY OFF,E2008,PAN,SIE,0,0,0,0,0,0,25,17,7,22,7,6,11,1,3,4,6,1,11,7,10,1,51,39,78,7,9,4,4-6,6,13-6,9,20,44-35,21,44-44,12,2,32,4,68-56,4-6
2008_172,CSK-PAR,17,PLAY OFF,E2008,CSK,PAR,0,0,0,0,0,0,22,8,12,26,5,3,7,9,5,1,2,4,11,0,6,0,41,15,26,21,9,6,6-3,11,15-3,7,31,45-31,34,45-38,16,0,21,0,36-20,
2008_173,OLY-MAD,18,PLAY OFF,E2008,OLY,MAD,0,0,0,0,0,0,25,12,7,24,5,4,6,5,1,4,6,1,7,6,6,2,34,45,55,18,7,23,43-40,26,50-40,5,16,30-25,17,30-30,13,2,27,1,54-41,0-2
2008_174,BAR-BAS,18,PLAY OFF,E2008,BAR,BAS,0,0,0,0,0,0,29,8,12,20,8,2,9,3,5,3,4,3,9,0,7,5,62,23,46,16,10,35,71-57,37,81-57,6,15,36-29,16,36-35,27,3,38,1,85-58,0-3
2008_175,PAN-SIE,18,PLAY OFF,E2008,PAN,SIE,0,0,0,0,0,0,20,13,7,17,9,8,6,7,4,4,7,4,5,8,9,1,49,30,58,26,10,21,45-40,25,55-40,9,35,70-66,37,70-75,16,6,27,10,58-42,18-24
2008_176,CSK-PAR,18,PLAY OFF,E2008,CSK,PAR,0,0,0,0,0,0,29,10,11,15,8,5,8,2,6,1,4,1,5,4,5,5,40,37,31,19,10,20,43-22,26,53-22,13,29,61-28,32,61-41,33,0,29,0,61-28,
2008_177,MAD-OLY,19,PLAY OFF,E2008,MAD,OLY,0,0,0,0,0,0,19,10,15,21,10,3,5,14,11,2,2,2,14,0,2,12,56,15,17,46,11,1,0-0,3,11-0,7,29,52-38,31,52-45,21,0,16,0,33-12,
2008_178,BAS-BAR,19,PLAY OFF,E2008,BAS,BAR,0,0,0,0,0,0,28,11,7,18,17,5,9,5,5,3,8,4,9,4,6,4,47,22,40,22,9,8,11-11,11,20-11,6,2,6-0,4,6-6,12,0,31,0,51-39,
2008_179,SIE-PAN,19,PLAY OFF,E2008,SIE,PAN,0,0,0,0,0,0,21,13,6,33,7,2,9,4,10,1,4,1,6,3,6,8,34,19,43,29,7,8,9-15,10,16-15,14,15,23-25,19,23-39,1,28,2,33,3-2,39-67
2008_180,PAR-CSK,19,PLAY OFF,E2008,PAR,CSK,0,0,0,0,0,0,14,7,16,21,6,3,7,2,3,3,3,1,5,2,10,1,39,17,62,5,5,2,2-4,4,7-4,8,19,28-29,22,28-37,3,14,4,30,7-4,38-52
2008_181,MAD-OLY,20,PLAY OFF,E2008,MAD,OLY,0,0,0,0,0,0,23,4,15,25,11,2,5,9,5,7,2,3,8,6,7,3,43,32,51,27,8,13,22-24,15,30-24,8,4,10-6,5,10-14,10,6,20,11,41-31,16-22
2008_182,BAS-BAR,20,PLAY OFF,E2008,BAS,BAR,0,0,0,0,0,0,16,17,10,21,10,5,10,2,2,2,4,7,8,2,11,4,40,23,58,26,7,26,47-61,29,54-61,15,20,41-35,23,41-50,8,23,11,40,25-17,61-84
2008_183,SIE-PAN,20,PLAY OFF,E2008,SIE,PAN,0,0,0,0,0,0,19,7,18,19,13,5,10,7,11,4,9,5,7,4,14,4,69,15,57,34,8,34,64-69,36,72-69,10,37,74-72,39,74-82,3,13,36,12,72-69,21-34
2008_184,BAR-BAS,21,PLAY OFF,E2008,BAR,BAS,0,0,0,0,0,0,23,10,9,23,6,3,9,6,4,2,5,2,14,2,6,4,56,22,37,25,10,28,51-44,31,61-44,7,35,70-49,37,70-56,21,0,35,0,70-49,
2008_185,OLY-PAN,22,FINAL FOUR,E2008,OLY,PAN,0,0,0,0,0,0,16,7,7,19,6,4,9,3,3,1,4,3,5,7,3,7,38,44,47,37,8,24,46-50,26,54-50,7,1,0-0,2,0-7,4,8,26,6,54-50,13-21
2008_186,BAR-CSK,22,FINAL FOUR,E2008,BAR,CSK,0,0,0,0,0,0,21,10,6,23,8,3,6,1,3,2,6,1,12,3,8,1,64,14,49,33,7,19,34-32,21,41-32,11,32,61-56,35,61-67,11,6,6,35,17-6,61-67
2008_187,OLY-BAR,23,FINAL FOUR,E2008,OLY,BAR,0,0,0,0,0,0,17,10,5,24,2,6,5,5,3,4,1,3,6,9,8,7,24,55,64,31,7,18,23-44,20,30-44,15,9,19-22,16,19-37,0,21,0,18,,23-44
2008_188,PAN-CSK,23,FINAL FOUR,E2008,PAN,CSK,0,0,0,0,0,0,18,12,8,16,8,6,0,7,0,2,3,2,4,7,6,1,45,28,50,21,10,5,7-12,8,17-12,17,24,56-33,32,56-50,23,6,21,4,51-28,4-10
2009_001,ULK-BAR,1,REGULAR SEASON,E2009,ULK,BAR,0,0,0,0,0,0,16,7,9,34,7,5,6,8,2,2,5,0,5,3,16,5,35,24,54,28,6,9,8-19,11,14-19,12,2,5-2,6,5-14,3,26,2,30,5-2,36-62
2009_002,CIB-SIE,1,REGULAR SEASON,E2009,CIB,SIE,0,0,0,0,0,0,22,5,15,27,12,15,6,8,3,6,13,6,3,1,15,6,26,14,39,46,8,3,2-10,5,10-10,12,19,24-34,23,24-46,0,45,0,39,,40-85
2009_003,ZAL-ASV,1,REGULAR SEASON,E2009,ZAL,ASV,0,0,0,0,0,0,26,8,11,24,10,3,6,5,6,3,7,2,8,6,7,0,47,24,39,13,11,19,34-27,23,45-27,6,23,45-27,24,45-33,21,2,40,5,71-50,8-10
2009_004,OLY-ORL,1,REGULAR SEASON,E2009,OLY,ORL,0,0,0,0,0,0,28,8,9,13,10,8,12,3,6,1,4,3,8,10,6,4,53,41,55,17,9,13,21-19,15,30-19,7,34,77-54,36,77-61,23,0,34,0,77-54,
2009_005,LIE-IST,1,REGULAR SEASON,E2009,LIE,IST,0,0,0,0,0,0,22,11,13,12,13,7,7,6,5,0,1,2,17,0,6,8,61,16,38,32,8,14,23-19,16,31-19,9,30,62-44,32,62-53,22,2,28,3,60-38,2-4
2009_006,PAR-MAL,1,REGULAR SEASON,E2009,PAR,MAL,0,0,0,0,0,0,26,7,6,20,15,9,8,3,2,4,5,4,7,4,5,8,34,30,51,21,6,7,15-13,8,21-13,11,34,59-51,37,59-62,11,8,16,39,39-28,62-70
2009_007,MAR-CSK,1,REGULAR SEASON,E2009,MAR,CSK,0,0,0,0,0,0,22,4,9,25,7,6,11,5,8,2,6,1,7,5,10,1,34,31,58,8,6,10,12-18,12,18-18,7,8,12-11,10,12-18,5,6,4,10,8-3,12-18
2009_008,ROM-BAS,1,REGULAR SEASON,E2009,ROM,BAS,0,0,0,0,0,0,28,6,4,30,7,1,12,4,10,1,3,1,13,2,10,6,61,16,53,12,11,27,55-43,31,66-43,10,34,68-51,36,68-61,23,5,31,4,66-43,6-11
2009_009,TEL-LJU,1,REGULAR SEASON,E2009,TEL,LJU,0,0,0,0,0,0,23,18,6,18,13,2,8,12,12,2,4,5,12,5,7,5,62,23,31,34,11,30,55-45,33,66-45,7,19,37-23,21,37-30,25,0,39,0,80-55,
2009_010,SOP-OLD,1,REGULAR SEASON,E2009,SOP,OLD,0,0,0,0,0,0,26,14,9,26,10,6,12,4,6,2,4,2,14,1,12,4,57,24,56,31,7,14,30-31,15,37-31,10,28,61-56,32,61-66,6,8,2,35,6-0,65-73
2009_011,MIL-PAN,1,REGULAR SEASON,E2009,MIL,PAN,0,0,0,0,0,0,19,10,9,19,10,8,7,10,6,2,5,2,9,1,7,5,42,25,53,22,10,6,10-17,7,20-17,7,28,50-46,29,50-53,7,10,23,40,44-37,65-75
2009_012,KHI-MAD,1,REGULAR SEASON,E2009,KHI,MAD,0,0,0,0,0,0,29,9,15,24,5,5,8,3,5,1,3,3,5,4,9,4,51,33,23,58,7,4,4-6,5,11-6,7,9,17-10,12,17-17,7,4,9,25,17-10,43-47
2009_013,ASV-ULK,2,REGULAR SEASON,E2009,ASV,ULK,0,0,0,0,0,0,28,11,13,24,9,8,10,5,6,0,2,6,14,2,6,10,61,15,38,40,10,30,46-55,35,56-55,8,8,12-10,11,12-18,4,14,5,24,10-6,29-43
2009_014,SIE-ZAL,2,REGULAR SEASON,E2009,SIE,ZAL,0,0,0,0,0,0,23,8,9,23,7,3,11,9,9,3,6,2,13,3,12,0,49,35,51,13,13,17,35-30,20,48-30,9,35,77-50,39,77-59,29,4,34,5,73-44,9-13
2009_015,BAR-CIB,2,REGULAR SEASON,E2009,BAR,CIB,0,0,0,0,0,0,27,11,8,20,8,7,10,7,3,2,5,3,10,5,4,4,48,33,38,21,11,1,0-6,4,11-6,5,11,21-13,13,21-18,27,6,39,1,81-54,0-6
2009_016,MAL-OLY,2,REGULAR SEASON,E2009,MAL,OLY,0,0,0,0,0,0,24,7,14,20,6,8,7,10,0,1,0,0,8,7,4,11,46,40,37,31,11,21,48-40,25,59-40,6,11,34-20,13,34-26,24,0,33,0,75-51,
2009_017,IST-PAR,2,REGULAR SEASON,E2009,IST,PAR,0,0,0,0,0,0,24,10,9,27,5,5,11,7,4,4,5,2,13,8,16,3,40,37,55,12,10,25,45-47,26,55-47,8,18,32-26,19,32-34,10,3,40,3,77-67,2-5
2009_018,ORL-LIE,2,REGULAR SEASON,E2009,ORL,LIE,0,0,0,0,0,0,24,15,3,26,7,10,13,4,5,3,5,1,6,9,12,3,30,32,46,23,8,15,13-30,17,21-30,12,8,11-14,14,11-26,0,17,0,15,,13-30
2009_019,LJU-MAR,2,REGULAR SEASON,E2009,LJU,MAR,0,0,0,0,0,0,17,7,5,18,14,8,10,7,1,3,0,3,8,5,9,2,62,13,54,27,5,9,12-16,10,17-16,9,36,66-69,38,66-78,3,12,17,38,31-28,66-78
2009_020,BAS-TEL,2,REGULAR SEASON,E2009,BAS,TEL,0,0,0,0,0,0,22,9,12,22,3,5,7,7,3,2,2,2,7,6,9,3,46,40,58,23,13,9,18-25,11,31-25,14,27,69-59,33,69-73,14,8,20,2,55-41,0-8
2009_021,CSK-ROM,2,REGULAR SEASON,E2009,CSK,ROM,0,0,0,0,0,0,18,11,8,18,10,4,7,2,4,3,8,1,9,3,12,0,36,33,44,30,9,16,29-37,19,38-37,9,22,48-41,24,48-50,7,8,21,16,46-39,29-37
2009_022,MAD-SOP,2,REGULAR SEASON,E2009,MAD,SOP,0,0,0,0,0,0,24,8,7,21,7,3,11,9,7,6,7,2,14,10,5,5,53,41,42,30,10,9,23-22,11,33-22,8,35,85-52,35,85-60,34,3,33,7,81-47,14-17
2009_023,PAN-KHI,2,REGULAR SEASON,E2009,PAN,KHI,0,0,0,0,0,0,23,12,7,19,3,5,10,7,1,3,4,2,9,15,0,3,49,52,36,30,11,30,72-50,33,83-50,5,8,22-9,8,22-14,35,3,38,2,96-61,0-3
2009_024,OLD-MIL,2,REGULAR SEASON,E2009,OLD,MIL,0,0,0,0,0,0,16,14,7,23,10,6,10,4,6,0,5,2,7,2,8,8,54,16,41,38,8,2,2-6,5,10-6,9,32,59-54,34,59-63,6,9,7,39,14-8,67-76
2009_025,ULK-CIB,3,REGULAR SEASON,E2009,ULK,CIB,0,0,0,0,0,0,29,9,11,18,10,6,7,1,3,0,5,3,6,8,10,1,42,25,50,12,16,11,11-20,17,27-20,10,19,32-24,21,32-34,11,9,37,11,62-51,11-20
2009_026,ZAL-BAR,3,REGULAR SEASON,E2009,ZAL,BAR,0,0,0,0,0,0,19,12,7,18,13,3,6,5,4,0,3,2,12,3,8,4,62,8,47,30,9,34,59-70,38,68-70,8,29,53-59,32,53-67,4,14,7,32,18-14,53-67
2009_027,ASV-SIE,3,REGULAR SEASON,E2009,ASV,SIE,0,0,0,0,0,0,17,7,4,21,9,8,11,4,4,2,5,0,9,6,15,2,46,19,62,20,14,1,2-2,4,16-2,12,17,32-19,20,32-31,21,17,9,40,29-8,65-82
2009_028,OLY-LIE,3,REGULAR SEASON,E2009,OLY,LIE,0,0,0,0,0,0,22,10,5,16,14,6,15,9,8,9,6,4,8,17,10,2,53,44,39,34,9,27,64-46,29,73-46,8,23,56-36,25,56-44,30,3,34,3,86-56,4-7
2009_029,PAR-ORL,3,REGULAR SEASON,E2009,PAR,ORL,0,0,0,0,0,0,25,7,7,23,11,5,9,5,5,1,8,1,10,7,9,5,42,36,53,18,9,12,25-24,14,34-24,7,3,5-4,4,5-11,10,6,14,4,34-24,5-11
2009_030,MAL-IST,3,REGULAR SEASON,E2009,MAL,IST,0,0,0,0,0,0,23,10,17,23,7,9,6,11,8,2,3,3,20,3,8,9,51,42,46,42,10,19,38-36,23,48-36,13,27,59-42,29,59-55,17,2,27,34,59-42,63-65
2009_031,MAR-ROM,3,REGULAR SEASON,E2009,MAR,ROM,0,0,0,0,0,0,18,6,4,22,10,6,15,5,9,2,6,0,9,2,9,4,44,27,61,22,7,1,0-3,3,7-3,9,8,15-15,10,15-24,4,12,3,11,9-5,19-31
2009_032,TEL-CSK,3,REGULAR SEASON,E2009,TEL,CSK,0,0,0,0,0,0,24,7,14,28,11,4,17,7,9,6,4,3,9,9,7,2,43,28,31,23,10,1,0-0,5,10-0,8,38,69-46,39,69-54,23,0,35,0,67-44,
2009_033,LJU-BAS,3,REGULAR SEASON,E2009,LJU,BAS,0,0,0,0,0,0,23,9,9,24,4,4,8,3,1,1,1,0,4,4,4,8,53,23,48,34,9,33,58-65,36,67-65,10,7,18-14,10,18-24,4,14,6,19,14-10,29-43
2009_034,SOP-MIL,3,REGULAR SEASON,E2009,SOP,MIL,0,0,0,0,0,0,29,10,14,19,9,4,9,4,1,4,6,2,4,8,8,3,47,41,80,3,6,5,5-11,6,11-11,8,36,81-71,39,81-79,10,9,34,10,79-69,16-25
2009_035,KHI-OLD,3,REGULAR SEASON,E2009,KHI,OLD,0,0,0,0,0,0,21,8,8,19,11,4,12,4,6,3,2,5,10,5,12,0,63,14,35,37,9,20,36-42,23,45-42,16,10,24-7,14,24-23,17,7,10,34,24-7,55-62
2009_036,MAD-PAN,3,REGULAR SEASON,E2009,MAD,PAN,0,0,0,0,0,0,18,5,7,20,6,4,15,2,6,4,6,0,5,11,9,3,44,36,50,20,20,11,12-23,19,32-23,8,7,9-11,8,9-19,13,11,40,11,80-67,12-23
2009_037,ULK-SIE,4,REGULAR SEASON,E2009,ULK,SIE,0,0,0,0,0,0,23,12,10,15,7,7,6,2,1,0,5,1,11,1,11,3,61,22,62,25,6,8,24-19,10,30-19,10,34,67-68,37,67-78,11,11,10,37,30-19,67-78
2009_038,BAR-ASV,4,REGULAR SEASON,E2009,BAR,ASV,0,0,0,0,0,0,19,4,7,21,5,4,11,9,3,3,5,0,5,5,9,3,50,26,49,13,7,8,15-22,11,22-22,5,14,30-26,15,30-31,14,7,40,8,76-62,15-22
2009_039,CIB-ZAL,4,REGULAR SEASON,E2009,CIB,ZAL,0,0,0,0,0,0,18,8,8,27,9,3,14,8,8,0,2,0,7,3,9,0,53,11,41,11,10,25,37-38,28,47-38,7,9,16-11,11,16-18,13,3,37,12,61-48,18-21
2009_040,OLY-IST,4,REGULAR SEASON,E2009,OLY,IST,0,0,0,0,0,0,19,9,17,27,5,2,10,10,5,6,3,2,10,18,9,4,61,44,50,40,7,10,24-27,12,31-27,9,6,15-12,8,15-21,15,9,40,23,105-90,52-61
2009_041,ORL-MAL,4,REGULAR SEASON,E2009,ORL,MAL,0,0,0,0,0,0,29,13,11,26,8,7,5,7,3,3,6,0,5,14,16,8,36,38,68,18,8,10,13-12,12,21-12,23,15,28-20,21,28-43,9,20,12,23,21-12,31-51
2009_042,LIE-PAR,4,REGULAR SEASON,E2009,LIE,PAR,0,0,0,0,0,0,20,11,6,22,11,5,20,3,6,2,5,2,12,4,6,4,60,18,46,10,12,19,42-39,23,54-39,8,15,40-29,18,40-37,25,3,34,2,73-48,1-4
2009_043,MAR-BAS,4,REGULAR SEASON,E2009,MAR,BAS,0,0,0,0,0,0,19,8,13,20,5,7,5,7,3,2,1,3,8,9,6,12,42,44,44,59,6,11,20-32,12,26-32,11,4,7-4,7,7-15,3,26,1,36,3-0,71-97
2009_044,CSK-LJU,4,REGULAR SEASON,E2009,CSK,LJU,0,0,0,0,0,0,25,5,8,18,12,2,9,6,10,0,7,3,14,4,6,5,61,18,53,16,9,6,14-12,8,23-12,7,13,33-16,15,33-23,17,0,13,0,33-16,
2009_045,ROM-TEL,4,REGULAR SEASON,E2009,ROM,TEL,0,0,0,0,0,0,26,7,7,34,12,10,13,8,10,4,8,2,6,3,13,3,64,26,65,27,9,4,4-8,6,13-8,9,9,17-12,11,17-21,9,9,30,16,59-50,21-30
2009_046,SOP-PAN,4,REGULAR SEASON,E2009,SOP,PAN,0,0,0,0,0,0,22,15,10,24,7,9,7,6,2,4,6,2,8,6,11,8,30,35,48,27,8,36,50-71,39,58-71,7,8,10-16,9,10-23,2,23,1,31,2-0,44-67
2009_047,OLD-MAD,4,REGULAR SEASON,E2009,OLD,MAD,0,0,0,0,0,0,16,2,11,25,17,8,4,8,3,1,3,7,5,3,14,12,41,20,46,58,7,38,54-104,40,61-104,17,33,54-87,38,54-104,0,50,0,38,,54-104
2009_048,MIL-KHI,4,REGULAR SEASON,E2009,MIL,KHI,0,0,0,0,0,0,25,5,9,22,11,4,13,3,3,1,1,0,8,1,8,5,43,25,51,21,10,11,19-18,13,29-18,10,29,50-49,33,50-59,11,10,13,35,29-18,52-62
2009_049,ZAL-ULK,5,REGULAR SEASON,E2009,ZAL,ULK,0,0,0,0,0,0,26,6,9,21,12,5,3,7,4,2,3,8,8,1,5,9,57,21,41,43,6,5,14-13,6,20-13,7,37,69-69,39,69-76,8,7,8,39,22-14,69-76
2009_050,ASV-CIB,5,REGULAR SEASON,E2009,ASV,CIB,0,0,0,0,0,0,24,5,8,16,10,7,4,3,2,1,7,0,9,6,12,1,36,35,56,12,9,39,62-68,40,71-68,14,2,4-0,7,4-14,4,15,2,28,4-0,43-58
2009_051,SIE-BAR,5,REGULAR SEASON,E2009,SIE,BAR,0,0,0,0,0,0,22,8,4,24,8,5,5,5,5,1,6,2,4,1,12,10,43,22,60,24,7,32,53-68,34,60-68,11,29,53-57,32,53-68,0,19,0,40,,65-84
2009_052,PAR-OLY,5,REGULAR SEASON,E2009,PAR,OLY,0,0,0,0,0,0,27,13,13,19,9,8,7,4,5,2,3,4,6,7,3,7,58,28,50,30,12,22,38-47,25,50-47,7,2,2-4,5,2-11,8,9,39,5,80-72,2-11
2009_053,MAL-LIE,5,REGULAR SEASON,E2009,MAL,LIE,0,0,0,0,0,0,24,15,10,14,6,7,10,2,2,4,6,0,11,7,10,3,57,34,53,31,10,6,12-15,9,22-15,7,4,7-6,5,7-13,15,6,25,5,60-45,7-13
2009_054,IST-ORL,5,REGULAR SEASON,E2009,IST,ORL,0,0,0,0,0,0,25,11,11,22,4,10,10,7,6,5,6,2,13,10,5,4,31,46,34,30,13,11,20-17,14,33-17,15,17,40-19,22,40-34,22,4,38,4,75-53,6-10
2009_055,TEL-MAR,5,REGULAR SEASON,E2009,TEL,MAR,0,0,0,0,0,0,26,21,7,21,8,7,14,3,8,3,6,3,10,5,12,5,54,21,40,27,11,18,30-36,20,41-36,6,26,54-46,28,54-52,9,6,34,18,68-59,30-36
2009_056,LJU-ROM,5,REGULAR SEASON,E2009,LJU,ROM,0,0,0,0,0,0,21,9,8,20,8,5,8,9,3,1,2,0,13,3,3,2,65,22,43,27,9,12,28-23,14,37-23,11,28,62-37,30,62-48,27,3,23,7,57-30,12-15
2009_057,BAS-CSK,5,REGULAR SEASON,E2009,BAS,CSK,0,0,0,0,0,0,24,8,9,26,7,4,7,3,2,1,5,2,9,6,8,2,45,22,62,9,10,10,12-24,14,22-24,11,3,8-3,6,8-14,5,12,3,10,8-3,12-24
2009_058,KHI-SOP,5,REGULAR SEASON,E2009,KHI,SOP,0,0,0,0,0,0,30,3,7,21,11,5,8,6,4,1,4,6,14,5,6,7,71,18,37,30,9,15,31-31,17,40-31,6,10,22-19,11,22-25,26,3,39,11,89-63,22-25
2009_059,MAD-MIL,5,REGULAR SEASON,E2009,MAD,MIL,0,0,0,0,0,0,24,9,6,19,10,3,11,5,3,3,8,0,8,8,6,2,39,43,58,11,20,33,60-67,39,80-67,9,10,21-22,13,21-31,13,13,39,21,80-67,36-49
2009_060,PAN-OLD,5,REGULAR SEASON,E2009,PAN,OLD,0,0,0,0,0,0,24,18,4,16,8,1,11,8,6,0,0,4,7,11,5,3,50,46,22,41,11,34,71-59,36,82-59,11,12,27-23,16,27-34,33,8,40,21,96-63,36-44
2009_061,BAR-ULK,6,REGULAR SEASON,E2009,BAR,ULK,0,0,0,0,0,0,26,5,9,22,4,5,11,11,7,7,3,2,10,8,4,4,40,49,24,31,14,18,32-21,23,46-21,5,16,30-14,17,30-19,34,0,27,0,60-26,
2009_062,SIE-CIB,6,REGULAR SEASON,E2009,SIE,CIB,0,0,0,0,0,0,25,8,9,19,6,4,6,4,4,2,3,5,11,5,10,0,54,36,44,20,10,21,36-38,24,46-38,11,5,16-8,8,16-19,26,5,40,14,90-64,24-29
2009_063,ASV-ZAL,6,REGULAR SEASON,E2009,ASV,ZAL,0,0,0,0,0,0,22,3,6,20,9,7,12,5,10,1,7,0,10,5,11,2,55,22,53,14,8,29,67-56,34,75-56,8,34,75-56,37,75-64,19,7,34,6,75-56,11-18
2009_064,ORL-OLY,6,REGULAR SEASON,E2009,ORL,OLY,0,0,0,0,0,0,16,10,9,23,11,2,9,8,8,6,2,3,12,5,7,18,50,34,43,45,11,10,23-18,12,34-18,9,32,70-58,34,70-67,16,7,12,40,34-18,81-88
2009_065,IST-LIE,6,REGULAR SEASON,E2009,IST,LIE,0,0,0,0,0,0,24,11,10,21,9,2,11,7,1,4,4,0,3,10,12,1,20,57,39,23,9,27,44-47,29,53-47,11,19,32-26,21,32-37,15,5,40,21,77-62,32-37
2009_066,MAL-PAR,6,REGULAR SEASON,E2009,MAL,PAR,0,0,0,0,0,0,24,20,7,27,5,4,5,7,1,0,1,0,4,8,12,4,39,25,50,22,8,8,10-18,9,18-18,6,2,4-4,4,4-10,0,12,0,36,,53-65
2009_067,CSK-MAR,6,REGULAR SEASON,E2009,CSK,MAR,0,0,0,0,0,0,22,7,7,16,10,4,4,9,4,1,4,2,8,3,4,5,49,29,38,27,7,26,46-39,28,53-39,6,1,3-0,5,3-6,20,4,36,6,73-53,5-9
2009_068,BAS-ROM,6,REGULAR SEASON,E2009,BAS,ROM,0,0,0,0,0,0,27,6,7,19,7,4,8,5,5,2,3,1,11,2,7,3,62,5,36,24,11,5,2-4,8,13-4,8,34,60-42,37,60-50,18,2,32,3,58-40,0-2
2009_069,LJU-TEL,6,REGULAR SEASON,E2009,LJU,TEL,0,0,0,0,0,0,25,8,10,34,9,2,8,4,3,2,1,2,7,6,10,5,33,32,38,44,7,24,43-49,25,50-49,15,12,26-20,15,26-35,6,17,12,40,26-20,65-82
2009_070,OLD-SOP,6,REGULAR SEASON,E2009,OLD,SOP,0,0,0,0,0,0,24,13,9,22,11,6,8,9,5,4,6,5,8,3,9,8,44,36,35,47,9,1,0-4,3,9-4,10,3,9-4,5,9-14,9,6,21,30,45-36,58-64
2009_071,PAN-MIL,6,REGULAR SEASON,E2009,PAN,MIL,0,0,0,0,0,0,23,9,10,18,6,12,9,9,7,3,4,6,7,5,4,8,45,35,41,27,10,9,19-12,11,29-12,12,29,63-45,33,63-57,20,0,25,0,56-36,
2009_072,MAD-KHI,6,REGULAR SEASON,E2009,MAD,KHI,0,0,0,0,0,0,26,13,7,22,9,4,5,9,3,6,3,2,11,2,7,7,44,26,43,16,8,21,35-30,23,43-30,5,23,46-33,26,46-38,13,5,23,6,46-33,5-10
2009_073,ULK-ASV,7,REGULAR SEASON,E2009,ULK,ASV,0,0,0,0,0,0,24,7,10,23,8,8,9,3,2,0,8,0,5,7,8,5,29,32,46,22,9,11,16-17,14,25-17,8,18,34-23,22,34-31,11,7,17,40,32-21,61-68
2009_074,ZAL-SIE,7,REGULAR SEASON,E2009,ZAL,SIE,0,0,0,0,0,0,23,12,18,19,8,5,3,3,0,0,6,6,8,7,15,7,41,31,58,25,9,22,36-52,24,45-52,9,9,17-19,12,17-28,0,17,0,20,,32-49
2009_075,CIB-BAR,7,REGULAR SEASON,E2009,CIB,BAR,0,0,0,0,0,0,17,9,15,29,6,4,10,7,5,3,5,2,8,3,12,7,37,29,59,21,7,37,59-76,39,66-76,7,12,25-26,14,25-33,2,17,1,37,2-0,59-76
2009_076,OLY-MAL,7,REGULAR SEASON,E2009,OLY,MAL,0,0,0,0,0,0,29,5,10,16,13,7,9,10,4,5,7,2,7,9,8,4,57,32,46,22,10,9,12-20,12,22-20,11,7,12-9,9,12-20,25,8,40,9,89-64,12-20
2009_077,PAR-IST,7,REGULAR SEASON,E2009,PAR,IST,0,0,0,0,0,0,20,4,20,15,9,4,4,4,2,2,5,3,11,10,8,5,36,57,41,51,7,5,5-7,7,12-7,6,15,33-33,16,33-39,5,6,7,16,12-7,33-39
2009_078,LIE-ORL,7,REGULAR SEASON,E2009,LIE,ORL,0,0,0,0,0,0,20,4,6,29,6,3,13,8,13,1,4,0,16,2,4,5,52,25,39,33,15,5,8-8,9,23-8,13,30,61-52,33,61-65,15,4,9,33,23-8,61-65
2009_079,MAR-LJU,7,REGULAR SEASON,E2009,MAR,LJU,0,0,0,0,0,0,22,12,11,21,4,10,9,10,7,5,4,6,11,4,7,4,44,30,22,40,16,1,0-2,6,16-2,7,27,51-40,29,51-47,15,2,35,1,66-51,0-2
2009_080,TEL-BAS,7,REGULAR SEASON,E2009,TEL,BAS,0,0,0,0,0,0,28,7,16,30,5,1,8,2,6,1,4,1,15,4,11,10,52,30,62,29,9,34,60-75,35,69-75,8,9,18-17,12,18-25,2,15,3,34,8-6,60-75
2009_081,ROM-CSK,7,REGULAR SEASON,E2009,ROM,CSK,0,0,0,0,0,0,18,6,12,24,7,4,5,7,2,2,4,1,3,2,10,3,32,25,48,24,11,29,34-63,32,45-63,11,1,0-2,3,0-13,0,29,0,29,,34-63
